,,,,,,,,,,,,,,,,,,,,,,,,,,,,,,,,,,,,,,,,,,,,,,,,,,,,,,,,,,,,,,,,,,,,,,,,,,,,,,,,,,,,,,,,,,,,,,,,,,,,,,,,,,,,,,,,,,,,,,,,,,,,,,,,,,,,,,,,,,,,,,,,,,,,,,,,,,,,,,,,,,,,,,,,,,,,,,,,,,,,,,,,,,,,,,,,,,,,,,,,,,,,,,,,,,,,,,,,,,,,,,,,,,,,,,,,,,,,,,,,,,,,,,,,,,,,,,,
СОЦИАЛЬНО-ЭКОНОМИЧЕСКИЕ ПОКАЗАТЕЛИ РОССИЙСКОЙ ФЕДЕРАЦИИ В 1991-2024 гг.,,,,,,,,,,,,,,,,,,,,,,,,,,,,,,,,,,,,,,,,,,,,,,,,,,,,,,,,,,,,,,,,,,,,,,,,,,,,,,,,,,,,,,,,,,,,,,,,,,,,,,,,,,,,,,,,,,,,,,,,,,,,,,,,,,,,,,,,,,,,,,,,,,,,,,,,,,,,,,,,,,,,,,,,,,,,,,,,,,,,,,,,,,,,,,,,,,,,,,,,,,,,,,,,,,,,,,,,,,,,,,,,,,,,,,,,,,,,,,,,,,,,,,,,,,,,,,,
 ПОКАЗАТЕЛИ ,1991,1992,1993,1994,1995,1996,1997,1998,1999,2000,2001,2002,2003,2004,2005,2006,2007,2008,2009,2010,2011,2012,2013,2014,2015,2016,2017,2018,2019,2020,2021,2022,2023,2024,,,,,,,,,,,,,,,,,,,,,,,,,,,,,,,,,,,,,,,,,,,,,,,,,,,,,,,,,,,,,,,,,,,,,,,,,,,,,,,,,,,,,,,,,,,,,,,,,,,,,,,,,,,,,,,,,,,,,,,,,,,,,,,,,,,,,,,,,,,,,,,,,,,,,,,,,,,,,,,,,,,,,,,,,,,,,,,,,,,,,,,,,,,,,,,,,,,,,,,,,,,,,,,,,,,,,,,,,,,,,
20. НАУКА И ИННОВАЦИИ,,,,,,,,,,,,,,,,,,,,,,,,,,,,,,,,,,,,,,,,,,,,,,,,,,,,,,,,,,,,,,,,,,,,,,,,,,,,,,,,,,,,,,,,,,,,,,,,,,,,,,,,,,,,,,,,,,,,,,,,,,,,,,,,,,,,,,,,,,,,,,,,,,,,,,,,,,,,,,,,,,,,,,,,,,,,,,,,,,,,,,,,,,,,,,,,,,,,,,,,,,,,,,,,,,,,,,,,,,,,,,,,,,,,,,,,,,,,,,,,,,,,,,,,,,,,,,,
"Организации, выполнявшие научные исследования 
и разработки",,,,,,,,,,,,,,,,,,,,,,,,,,,,,,,,,,,,,,,,,,,,,,,,,,,,,,,,,,,,,,,,,,,,,,,,,,,,,,,,,,,,,,,,,,,,,,,,,,,,,,,,,,,,,,,,,,,,,,,,,,,,,,,,,,,,,,,,,,,,,,,,,,,,,,,,,,,,,,,,,,,,,,,,,,,,,,,,,,,,,,,,,,,,,,,,,,,,,,,,,,,,,,,,,,,,,,,,,,,,,,,,,,,,,,,,,,,,,,,,,,,,,,,,,,,,,,,
"Число организаций, выполнявших научные исследования и разработки, единиц","4,564","4,555","4,269","3,968","4,059","4,122","4,137","4,019","4,089","4,099","4,037","3,906","3,797","3,656","3,566","3,622","3,957","3,666","3,536","3,492","3,682","3,566","3,605","3,604","4,175","4,032","3,944","3,950","4,051","4,175","4,175","4,195","4,125","4,157",,,,,,,,,,,,,,,,,,,,,,,,,,,,,,,,,,,,,,,,,,,,,,,,,,,,,,,,,,,,,,,,,,,,,,,,,,,,,,,,,,,,,,,,,,,,,,,,,,,,,,,,,,,,,,,,,,,,,,,,,,,,,,,,,,,,,,,,,,,,,,,,,,,,,,,,,,,,,,,,,,,,,,,,,,,,,,,,,,,,,,,,,,,,,,,,,,,,,,,,,,,,,,,,,,,,,,,,,,,,,
Кадры науки,,,,,,,,,,,,,,,,,,,,,,,,,,,,,,,,,,,,,,,,,,,,,,,,,,,,,,,,,,,,,,,,,,,,,,,,,,,,,,,,,,,,,,,,,,,,,,,,,,,,,,,,,,,,,,,,,,,,,,,,,,,,,,,,,,,,,,,,,,,,,,,,,,,,,,,,,,,,,,,,,,,,,,,,,,,,,,,,,,,,,,,,,,,,,,,,,,,,,,,,,,,,,,,,,,,,,,,,,,,,,,,,,,,,,,,,,,,,,,,,,,,,,,,,,,,,,,,
"Численность персонала, занятого научными исследованиями 
и разработками, человек","1,677,784","1,532,618","1,315,008","1,106,250","1,061,044","990,743","934,637","855,190","872,363","887,729","885,568","870,878","858,470","839,338","813,207","807,066","801,135","761,252","742,433","736,540","735,273","726,318","727,029","732,274","738,857","722,291","707,887","682,580","682,464","679,333","662,702","669,870","670,614","675,696",,,,,,,,,,,,,,,,,,,,,,,,,,,,,,,,,,,,,,,,,,,,,,,,,,,,,,,,,,,,,,,,,,,,,,,,,,,,,,,,,,,,,,,,,,,,,,,,,,,,,,,,,,,,,,,,,,,,,,,,,,,,,,,,,,,,,,,,,,,,,,,,,,,,,,,,,,,,,,,,,,,,,,,,,,,,,,,,,,,,,,,,,,,,,,,,,,,,,,,,,,,,,,,,,,,,,,,,,,,,,
"Численность исследователей 
по областям науки, человек","1,079,088","804,043","644,881","525,319","518,690","484,796","455,108","416,958","420,212","425,954","422,176","414,676","409,775","401,425","391,121","388,939","392,849","375,804","369,237","368,915","374,746","372,620","369,015","373,905","379,411","370,379","359,793","347,854","348,221","346,497","340,142","340,666","338,900","339,104",,,,,,,,,,,,,,,,,,,,,,,,,,,,,,,,,,,,,,,,,,,,,,,,,,,,,,,,,,,,,,,,,,,,,,,,,,,,,,,,,,,,,,,,,,,,,,,,,,,,,,,,,,,,,,,,,,,,,,,,,,,,,,,,,,,,,,,,,,,,,,,,,,,,,,,,,,,,,,,,,,,,,,,,,,,,,,,,,,,,,,,,,,,,,,,,,,,,,,,,,,,,,,,,,,,,,,,,,,,,,
в том числе по областям науки,,,,,,,,,,,,,,,,,,,,,,,,,,,,,,,,,,,,,,,,,,,,,,,,,,,,,,,,,,,,,,,,,,,,,,,,,,,,,,,,,,,,,,,,,,,,,,,,,,,,,,,,,,,,,,,,,,,,,,,,,,,,,,,,,,,,,,,,,,,,,,,,,,,,,,,,,,,,,,,,,,,,,,,,,,,,,,,,,,,,,,,,,,,,,,,,,,,,,,,,,,,,,,,,,,,,,,,,,,,,,,,,,,,,,,,,,,,,,,,,,,,,,,,,,,,,,,,
естественные,,,,"116,391","114,335","110,295","107,800","100,269","100,458","99,834","97,615","96,887","96,328","91,698","91,570","89,304","94,668","91,117","89,856","89,375","89,733","88,704","85,588","88,370","86,722","85,979","79,980","78,661","79,270","80,966","84,364","84,461","83,346","82,264",,,,,,,,,,,,,,,,,,,,,,,,,,,,,,,,,,,,,,,,,,,,,,,,,,,,,,,,,,,,,,,,,,,,,,,,,,,,,,,,,,,,,,,,,,,,,,,,,,,,,,,,,,,,,,,,,,,,,,,,,,,,,,,,,,,,,,,,,,,,,,,,,,,,,,,,,,,,,,,,,,,,,,,,,,,,,,,,,,,,,,,,,,,,,,,,,,,,,,,,,,,,,,,,,,,,,,,,,,,,,
технические,,,,"345,921","342,906","317,789","292,675","265,175","268,307","274,955","273,597","266,549","256,921","258,850","249,358","248,201","244,475","232,463","227,403","224,641","226,492","225,118","225,082","226,682","231,809","225,038","224,114","214,233","213,942","208,994","199,585","201,513","201,569","205,090",,,,,,,,,,,,,,,,,,,,,,,,,,,,,,,,,,,,,,,,,,,,,,,,,,,,,,,,,,,,,,,,,,,,,,,,,,,,,,,,,,,,,,,,,,,,,,,,,,,,,,,,,,,,,,,,,,,,,,,,,,,,,,,,,,,,,,,,,,,,,,,,,,,,,,,,,,,,,,,,,,,,,,,,,,,,,,,,,,,,,,,,,,,,,,,,,,,,,,,,,,,,,,,,,,,,,,,,,,,,,
медицинские,,,,"18,866","16,781","16,256","15,456","15,944","16,230","15,539","15,669","16,849","22,039","15,907","15,672","15,896","16,734","16,713","16,652","16,516","16,793","16,595","16,352","15,714","15,819","16,137","14,939","14,327","14,416","14,584","13,923","14,190","14,231","13,925",,,,,,,,,,,,,,,,,,,,,,,,,,,,,,,,,,,,,,,,,,,,,,,,,,,,,,,,,,,,,,,,,,,,,,,,,,,,,,,,,,,,,,,,,,,,,,,,,,,,,,,,,,,,,,,,,,,,,,,,,,,,,,,,,,,,,,,,,,,,,,,,,,,,,,,,,,,,,,,,,,,,,,,,,,,,,,,,,,,,,,,,,,,,,,,,,,,,,,,,,,,,,,,,,,,,,,,,,,,,,
сельскохозяйственные,,,,"18,228","18,077","16,326","15,317","13,889","13,799","14,390","14,259","14,061","13,735","14,280","13,724","13,447","13,743","13,622","13,217","12,734","12,933","12,288","11,869","11,869","11,296","11,066","10,343","9,575","9,459","9,551","9,669","9,315","9,445","9,011",,,,,,,,,,,,,,,,,,,,,,,,,,,,,,,,,,,,,,,,,,,,,,,,,,,,,,,,,,,,,,,,,,,,,,,,,,,,,,,,,,,,,,,,,,,,,,,,,,,,,,,,,,,,,,,,,,,,,,,,,,,,,,,,,,,,,,,,,,,,,,,,,,,,,,,,,,,,,,,,,,,,,,,,,,,,,,,,,,,,,,,,,,,,,,,,,,,,,,,,,,,,,,,,,,,,,,,,,,,,,
общественные,,,,"17,917","18,049","16,033","15,527","13,777","13,534","13,259","13,159","12,571","12,565","12,467","12,497","13,721","13,740","13,012","13,272","14,347","16,967","17,284","18,384","18,705","20,874","19,831","18,126","19,046","19,466","20,076","19,728","18,665","17,708","17,104",,,,,,,,,,,,,,,,,,,,,,,,,,,,,,,,,,,,,,,,,,,,,,,,,,,,,,,,,,,,,,,,,,,,,,,,,,,,,,,,,,,,,,,,,,,,,,,,,,,,,,,,,,,,,,,,,,,,,,,,,,,,,,,,,,,,,,,,,,,,,,,,,,,,,,,,,,,,,,,,,,,,,,,,,,,,,,,,,,,,,,,,,,,,,,,,,,,,,,,,,,,,,,,,,,,,,,,,,,,,,
гуманитарные,,,,"7,996","8,542","8,097","8,333","7,904","7,884","7,977","7,877","7,759","8,187","8,223","8,300","8,370","9,489","8,877","8,837","11,302","11,828","12,631","11,740","12,565","12,891","12,328","12,291","12,012","11,668","12,326","12,873","12,522","12,601","11,710",,,,,,,,,,,,,,,,,,,,,,,,,,,,,,,,,,,,,,,,,,,,,,,,,,,,,,,,,,,,,,,,,,,,,,,,,,,,,,,,,,,,,,,,,,,,,,,,,,,,,,,,,,,,,,,,,,,,,,,,,,,,,,,,,,,,,,,,,,,,,,,,,,,,,,,,,,,,,,,,,,,,,,,,,,,,,,,,,,,,,,,,,,,,,,,,,,,,,,,,,,,,,,,,,,,,,,,,,,,,,
Финансирование науки,,,,,,,,,,,,,,,,,,,,,,,,,,,,,,,,,,,,,,,,,,,,,,,,,,,,,,,,,,,,,,,,,,,,,,,,,,,,,,,,,,,,,,,,,,,,,,,,,,,,,,,,,,,,,,,,,,,,,,,,,,,,,,,,,,,,,,,,,,,,,,,,,,,,,,,,,,,,,,,,,,,,,,,,,,,,,,,,,,,,,,,,,,,,,,,,,,,,,,,,,,,,,,,,,,,,,,,,,,,,,,,,,,,,,,,,,,,,,,,,,,,,,,,,,,,,,,,
"Расходы федерального бюджета 
на науку1), млн руб. 
(до 1998 г. - млрд руб.) ",…,95.3,700.0,"2,366.3","4,413.6","5,699.6","8,808.7","6,239.4","11,621.5","17,396.4","23,687.7","31,055.8","41,576.3","47,478.1","76,909.3","97,363.2","132,703.4","162,115.9","219,053.4","237,644.0","313,899.3","355,921.1","425,301.7","437,273.3","439,392.8","402,722.3","377,882.2","420,472.3","489158, 4","549,602.2","626,574.3","631,701.6","691,758.9"," 716 858,0",,,,,,,,,,,,,,,,,,,,,,,,,,,,,,,,,,,,,,,,,,,,,,,,,,,,,,,,,,,,,,,,,,,,,,,,,,,,,,,,,,,,,,,,,,,,,,,,,,,,,,,,,,,,,,,,,,,,,,,,,,,,,,,,,,,,,,,,,,,,,,,,,,,,,,,,,,,,,,,,,,,,,,,,,,,,,,,,,,,,,,,,,,,,,,,,,,,,,,,,,,,,,,,,,,,,,,,,,,,,,
"Расходы федерального бюджета 
на фундаментальные исследования1), млн руб.",,,,,,,,,,"8,219.3","11,666.6","16,301.5","21,073.3","24,850.3","32,025.1","42,773.4","54,769.4","69,735.8","83,198.1","82,172.0","91,684.5","86,623.2","112,230.9","121,599.5","120,203.8","105,247.6","116,977.6","149,550.0","192,495.0","203,246.8","225,152.7","247,286.9","244,313.4"," 268 115,1 ",,,,,,,,,,,,,,,,,,,,,,,,,,,,,,,,,,,,,,,,,,,,,,,,,,,,,,,,,,,,,,,,,,,,,,,,,,,,,,,,,,,,,,,,,,,,,,,,,,,,,,,,,,,,,,,,,,,,,,,,,,,,,,,,,,,,,,,,,,,,,,,,,,,,,,,,,,,,,,,,,,,,,,,,,,,,,,,,,,,,,,,,,,,,,,,,,,,,,,,,,,,,,,,,,,,,,,,,,,,,,
"Расходы федерального бюджета 
на прикладные научные исследования1), млн руб.",,,,,,,,,,"9,177.1","12,021.1","14,754.4","20,503.0","22,627.8","44,884.2","54,589.8","77,934.0","92,380.1","135,855.4","155,472.0","222,214.8","269,297.9","313,070.8","315,673.8","319,188.9","297,474.7","260,904.6","270,922.3","296,663.1","346,355.4","401,421.6","384,414.8","447,445.5","448,743",,,,,,,,,,,,,,,,,,,,,,,,,,,,,,,,,,,,,,,,,,,,,,,,,,,,,,,,,,,,,,,,,,,,,,,,,,,,,,,,,,,,,,,,,,,,,,,,,,,,,,,,,,,,,,,,,,,,,,,,,,,,,,,,,,,,,,,,,,,,,,,,,,,,,,,,,,,,,,,,,,,,,,,,,,,,,,,,,,,,,,,,,,,,,,,,,,,,,,,,,,,,,,,,,,,,,,,,,,,,,
"Внутренние затраты на исследования 
и разработки, млн руб. 
(до 1998 г. - млрд руб.) ",…,140.6,1317.2,"5,146.1","12,149.5","19,393.9","24,449.7","25,082.1","48,050.5","76,697.1","105,260.7","135,004.5","169,862.4","196,039.9","230,785.2","288,805.2","371,080.3","431,073.2","485,834.3","523,377.2","610,426.7","699,869.8","749,797.6","847527,0","914,669.1","943,815.2","1,019,152.4","1,028,247.6","1,134,786.7","1,174,534.3","1,301,490.9","1,435,914.3","1,649,788.0","1 944 647,02)",,,,,,,,,,,,,,,,,,,,,,,,,,,,,,,,,,,,,,,,,,,,,,,,,,,,,,,,,,,,,,,,,,,,,,,,,,,,,,,,,,,,,,,,,,,,,,,,,,,,,,,,,,,,,,,,,,,,,,,,,,,,,,,,,,,,,,,,,,,,,,,,,,,,,,,,,,,,,,,,,,,,,,,,,,,,,,,,,,,,,,,,,,,,,,,,,,,,,,,,,,,,,,,,,,,,,,,,,,,,,
"Внутренние текущие затраты на исследования и разработки, млн руб. 
(до 1998 г. - млрд руб.) ",,,,"4,996.9","11,672.1","18,641.6","23,541.9","24,372.9","46,412.1","73,873.3","100,507.4","128,243.3","161,202.7","187,210.5","221,119.5","277,784.8","352,917.7","410,865.0","461,006.2","489,450.8","568,386.7","655,061.7","699,948.9","795,407.9","854,288.0","873,778.7","950,257.0","960,689.4","1,060,589.7","1,091,333.5","1,193,578.5","1,322,563.9","1,490,239.6","1 703 847, 8",,,,,,,,,,,,,,,,,,,,,,,,,,,,,,,,,,,,,,,,,,,,,,,,,,,,,,,,,,,,,,,,,,,,,,,,,,,,,,,,,,,,,,,,,,,,,,,,,,,,,,,,,,,,,,,,,,,,,,,,,,,,,,,,,,,,,,,,,,,,,,,,,,,,,,,,,,,,,,,,,,,,,,,,,,,,,,,,,,,,,,,,,,,,,,,,,,,,,,,,,,,,,,,,,,,,,,,,,,,,,
"Капитальные затраты на исследования 
и разработки, млн руб.(до 1998 г. - млрд руб.) ",,,,149.2,477.4,752.3,907.8,709.1,"1,638.4","2,823.8","4,753.3","6,761.2","8,659.7","8,829.4","9,665.6","11,020.5","18,162.6","20,208.2","24,828.1","33,926.4","42,040.0","44,808.0","49,848.8","52,119.1","60,381.0","70,036.5","68,895.5","67,558.2","74,196.9","83,200.8","107,912.4","113,350.3","159 548, 4","181,064",,,,,,,,,,,,,,,,,,,,,,,,,,,,,,,,,,,,,,,,,,,,,,,,,,,,,,,,,,,,,,,,,,,,,,,,,,,,,,,,,,,,,,,,,,,,,,,,,,,,,,,,,,,,,,,,,,,,,,,,,,,,,,,,,,,,,,,,,,,,,,,,,,,,,,,,,,,,,,,,,,,,,,,,,,,,,,,,,,,,,,,,,,,,,,,,,,,,,,,,,,,,,,,,,,,,,,,,,,,,,
_____________,,,,,,,,,,,,,,,,,,,,,,,,,,,,,,,,,,,,,,,,,,,,,,,,,,,,,,,,,,,,,,,,,,,,,,,,,,,,,,,,,,,,,,,,,,,,,,,,,,,,,,,,,,,,,,,,,,,,,,,,,,,,,,,,,,,,,,,,,,,,,,,,,,,,,,,,,,,,,,,,,,,,,,,,,,,,,,,,,,,,,,,,,,,,,,,,,,,,,,,,,,,,,,,,,,,,,,,,,,,,,,,,,,,,,,,,,,,,,,,,,,,,,,,,,,,,,,,
"1) До 2000 г. - ассигнования по разделу "" Фундаментальные исследования и содействие научно-техническому прогрессу"" федерального бюджета; 2007 – 2022 гг. –  по данным Федерального казначейства ""Отчет об исполнении консолидированного бюджета Российской Федерации и бюджетов государственных внебюджетных фондов"" на 1 января следующего за отчетным годом.",,,,,,,,,,,,,,,,,,,,,,,,,,,,,,,,,,,,,,,,,,,,,,,,,,,,,,,,,,,,,,,,,,,,,,,,,,,,,,,,,,,,,,,,,,,,,,,,,,,,,,,,,,,,,,,,,,,,,,,,,,,,,,,,,,,,,,,,,,,,,,,,,,,,,,,,,,,,,,,,,,,,,,,,,,,,,,,,,,,,,,,,,,,,,,,,,,,,,,,,,,,,,,,,,,,,,,,,,,,,,,,,,,,,,,,,,,,,,,,,,,,,,,,,,,,,,,,
2)  С 2024 г. включая данные о затратах на исследования и разработки субъектов малого предпринимательства ,,,,,,,,,,,,,,,,,,,,,,,,,,,,,,,,,,,,,,,,,,,,,,,,,,,,,,,,,,,,,,,,,,,,,,,,,,,,,,,,,,,,,,,,,,,,,,,,,,,,,,,,,,,,,,,,,,,,,,,,,,,,,,,,,,,,,,,,,,,,,,,,,,,,,,,,,,,,,,,,,,,,,,,,,,,,,,,,,,,,,,,,,,,,,,,,,,,,,,,,,,,,,,,,,,,,,,,,,,,,,,,,,,,,,,,,,,,,,,,,,,,,,,,,,,,,,,,
Результативность исследований и разработок,,,,,,,,,,,,,,,,,,,,,,,,,,,,,,,,,,,,,,,,,,,,,,,,,,,,,,,,,,,,,,,,,,,,,,,,,,,,,,,,,,,,,,,,,,,,,,,,,,,,,,,,,,,,,,,,,,,,,,,,,,,,,,,,,,,,,,,,,,,,,,,,,,,,,,,,,,,,,,,,,,,,,,,,,,,,,,,,,,,,,,,,,,,,,,,,,,,,,,,,,,,,,,,,,,,,,,,,,,,,,,,,,,,,,,,,,,,,,,,,,,,,,,,,,,,,,,,
"Подано заявок на выдачу патентов 
на изобретения1)",,,"32,216","23,081","22,202","23,211","19,992","21,362","24,659","28,688","29,989","29,225","30,651","30,192","32,254","37,691","39,439","41,849","38,564","42,500","41,414","44,211","44,914","40,308","45,517","41,587","36,454","37,957","35,511","34,984","30,977","26,922","26,651","26,608",,,,,,,,,,,,,,,,,,,,,,,,,,,,,,,,,,,,,,,,,,,,,,,,,,,,,,,,,,,,,,,,,,,,,,,,,,,,,,,,,,,,,,,,,,,,,,,,,,,,,,,,,,,,,,,,,,,,,,,,,,,,,,,,,,,,,,,,,,,,,,,,,,,,,,,,,,,,,,,,,,,,,,,,,,,,,,,,,,,,,,,,,,,,,,,,,,,,,,,,,,,,,,,,,,,,,,,,,,,,,
Выдано патентов на изобретения1),,,"27,757","40,263","31,556","33,574","45,975","23,762","19,508","17,592","16,292","18,114","24,726","23,191","23,390","23,299","23,028","28,808","34,824","30,322","29,999","32,880","31,638","33,950","34,706","33,536","34,254","35,774","34,008","28,788","23,662","23,315","23,371","21,600",,,,,,,,,,,,,,,,,,,,,,,,,,,,,,,,,,,,,,,,,,,,,,,,,,,,,,,,,,,,,,,,,,,,,,,,,,,,,,,,,,,,,,,,,,,,,,,,,,,,,,,,,,,,,,,,,,,,,,,,,,,,,,,,,,,,,,,,,,,,,,,,,,,,,,,,,,,,,,,,,,,,,,,,,,,,,,,,,,,,,,,,,,,,,,,,,,,,,,,,,,,,,,,,,,,,,,,,,,,,,
"Число действующих патентов 
на изобретения1)",,,"44,321","60,321","76,186","109,467","155,247","173,081","191,129","144,325","149,684","102,568","106,717","108,721","123,089","123,882","129,910","147,067","170,264","181,904","168,558","181,515","194,248","208,320","218,974","230,870","244,321","256,419","263,688","266,189","264,587","259,020","250,066","243,943",,,,,,,,,,,,,,,,,,,,,,,,,,,,,,,,,,,,,,,,,,,,,,,,,,,,,,,,,,,,,,,,,,,,,,,,,,,,,,,,,,,,,,,,,,,,,,,,,,,,,,,,,,,,,,,,,,,,,,,,,,,,,,,,,,,,,,,,,,,,,,,,,,,,,,,,,,,,,,,,,,,,,,,,,,,,,,,,,,,,,,,,,,,,,,,,,,,,,,,,,,,,,,,,,,,,,,,,,,,,,
"Число созданных (разработанных) передовых производственных технологий2), единиц",,,,,,,996,736,711,688,637,727,821,676,637,735,780,787,789,864,1138,1323,1429,1409,1398,1534,"1,402","1,565","1,620","1,989","2,186","2,621","2,743","2,725",,,,,,,,,,,,,,,,,,,,,,,,,,,,,,,,,,,,,,,,,,,,,,,,,,,,,,,,,,,,,,,,,,,,,,,,,,,,,,,,,,,,,,,,,,,,,,,,,,,,,,,,,,,,,,,,,,,,,,,,,,,,,,,,,,,,,,,,,,,,,,,,,,,,,,,,,,,,,,,,,,,,,,,,,,,,,,,,,,,,,,,,,,,,,,,,,,,,,,,,,,,,,,,,,,,,,,,,,,,,,
"Число используемых передовых производственных технологий2), единиц",,,,,,,"55,452","58,706","62,390","70,069","80,012","93,412","107,015","119,639","140,983","168,311","180,324","184,374","201,586","203,330","191,650","191,372","193,830","204,546","218,018","232,388","240,054","254,927","262,645","242,931","256,582","269,541","278,632","296,059",,,,,,,,,,,,,,,,,,,,,,,,,,,,,,,,,,,,,,,,,,,,,,,,,,,,,,,,,,,,,,,,,,,,,,,,,,,,,,,,,,,,,,,,,,,,,,,,,,,,,,,,,,,,,,,,,,,,,,,,,,,,,,,,,,,,,,,,,,,,,,,,,,,,,,,,,,,,,,,,,,,,,,,,,,,,,,,,,,,,,,,,,,,,,,,,,,,,,,,,,,,,,,,,,,,,,,,,,,,,,
Число соглашений по экспорту технологий4),,,,,,,,,,"1,094","1,178","1,320","1,480","1,688","1,682","1,900","1,825","1,863","1,766","1,867","1,670","1,810","1,914","2,061","2,236","2,182","2,757","3,033","4,196","5,349","6,783",…,…,…,,,,,,,,,,,,,,,,,,,,,,,,,,,,,,,,,,,,,,,,,,,,,,,,,,,,,,,,,,,,,,,,,,,,,,,,,,,,,,,,,,,,,,,,,,,,,,,,,,,,,,,,,,,,,,,,,,,,,,,,,,,,,,,,,,,,,,,,,,,,,,,,,,,,,,,,,,,,,,,,,,,,,,,,,,,,,,,,,,,,,,,,,,,,,,,,,,,,,,,,,,,,,,,,,,,,,,,,,,,,,
Число соглашений по импорту технологий4),,,,,,,,,,566,717,800,954,"1,112","1,426","1,675","1,524","1,733","1,649","1,943","1,979","2,330","2,637","2,842","2,986","3,449","4,358","4,914","5,518","5,775","6,701",…,…,…,,,,,,,,,,,,,,,,,,,,,,,,,,,,,,,,,,,,,,,,,,,,,,,,,,,,,,,,,,,,,,,,,,,,,,,,,,,,,,,,,,,,,,,,,,,,,,,,,,,,,,,,,,,,,,,,,,,,,,,,,,,,,,,,,,,,,,,,,,,,,,,,,,,,,,,,,,,,,,,,,,,,,,,,,,,,,,,,,,,,,,,,,,,,,,,,,,,,,,,,,,,,,,,,,,,,,,,,,,,,,
"Стоимость предмета соглашения 
по экспорту технологий, млн руб.3)",,,,,,,,,,"11,926.9","18,887.2","26,431.0","23,631.7","31,069.1","35,919.5","43,067.2","53,749.0","65,052.9","67,100.0","85,473.7","86,433.3","108,232.2","115,710.0",-,-,-,-,-,-,-,-,-,-,-,,,,,,,,,,,,,,,,,,,,,,,,,,,,,,,,,,,,,,,,,,,,,,,,,,,,,,,,,,,,,,,,,,,,,,,,,,,,,,,,,,,,,,,,,,,,,,,,,,,,,,,,,,,,,,,,,,,,,,,,,,,,,,,,,,,,,,,,,,,,,,,,,,,,,,,,,,,,,,,,,,,,,,,,,,,,,,,,,,,,,,,,,,,,,,,,,,,,,,,,,,,,,,,,,,,,,,,,,,,,,
"Стоимость предмета соглашения 
по экспорту технологий, млн долл.США4)",,,,,,,,,,"1,071.9","1,319.2","1,548.6","1,418.2","1,617.5","1,800.3","2,097.3","2,576.2","3,034.5","3,008.8","3,781.5","3,716.3","4,503.6","4,701.2","8,991.6","13,703.8","27,981.5","26,415.5","32,368.9","66,565","50,846","40,849",…,…,…,,,,,,,,,,,,,,,,,,,,,,,,,,,,,,,,,,,,,,,,,,,,,,,,,,,,,,,,,,,,,,,,,,,,,,,,,,,,,,,,,,,,,,,,,,,,,,,,,,,,,,,,,,,,,,,,,,,,,,,,,,,,,,,,,,,,,,,,,,,,,,,,,,,,,,,,,,,,,,,,,,,,,,,,,,,,,,,,,,,,,,,,,,,,,,,,,,,,,,,,,,,,,,,,,,,,,,,,,,,,,
"Стоимость предмета соглашения 
по импорту технологий, млн руб.3)",,,,,,,,,,"11,854.3","33,245.4","56,759.9","40,207.5","53,933.3","65,496.3","57,542.3","65,116.5","97,886.7","94,018.7","87,187.1","130,420.5","148,393.0","211,539.7",-,-,-,-,-,-,-,-,-,-,-,,,,,,,,,,,,,,,,,,,,,,,,,,,,,,,,,,,,,,,,,,,,,,,,,,,,,,,,,,,,,,,,,,,,,,,,,,,,,,,,,,,,,,,,,,,,,,,,,,,,,,,,,,,,,,,,,,,,,,,,,,,,,,,,,,,,,,,,,,,,,,,,,,,,,,,,,,,,,,,,,,,,,,,,,,,,,,,,,,,,,,,,,,,,,,,,,,,,,,,,,,,,,,,,,,,,,,,,,,,,,
"Стоимость предмета соглашения 
по импорту технологий, млн долл. США4)",,,,,,,,,,454.6,"1,286.9","1,932.9","1,449.4","1,816.0","2,365.8","2,077.5","2,470.1","3,753.2","3,427.3","3,167.1","4,709.3","5,015.1","6,877.0","7,724.6","13,496.7","14,146.5","17,676.4","16,470.5","12,323","13,732","19,846",…,…,…,,,,,,,,,,,,,,,,,,,,,,,,,,,,,,,,,,,,,,,,,,,,,,,,,,,,,,,,,,,,,,,,,,,,,,,,,,,,,,,,,,,,,,,,,,,,,,,,,,,,,,,,,,,,,,,,,,,,,,,,,,,,,,,,,,,,,,,,,,,,,,,,,,,,,,,,,,,,,,,,,,,,,,,,,,,,,,,,,,,,,,,,,,,,,,,,,,,,,,,,,,,,,,,,,,,,,,,,,,,,,
"Поступление средств по экспорту технологий за год, млн руб.3)",,,,,,,,,,"5,737.7","7,063.4","6,618.0","7,254.5","10,937.8","11,077.0","14,370.3","15,935.8","21,673.8","19,264.3","19,066.1","17,413.2","21,243.7","24,633.3",-,-,-,-,-,-,-,-,-,-,-,,,,,,,,,,,,,,,,,,,,,,,,,,,,,,,,,,,,,,,,,,,,,,,,,,,,,,,,,,,,,,,,,,,,,,,,,,,,,,,,,,,,,,,,,,,,,,,,,,,,,,,,,,,,,,,,,,,,,,,,,,,,,,,,,,,,,,,,,,,,,,,,,,,,,,,,,,,,,,,,,,,,,,,,,,,,,,,,,,,,,,,,,,,,,,,,,,,,,,,,,,,,,,,,,,,,,,,,,,,,,
"Поступление средств по экспорту технологий за год, млн долл. США4)",,,,,,,,,,203.5,241.5,211.5,237.4,384.0,389.4,533.4,630.4,833.2,618.2,627.9,584.7,688.5,770.6,"1,279.2","1,654.7","1,277.0","1,181.2","1,405.5","3,520","4,674","4,663",…,…,…,,,,,,,,,,,,,,,,,,,,,,,,,,,,,,,,,,,,,,,,,,,,,,,,,,,,,,,,,,,,,,,,,,,,,,,,,,,,,,,,,,,,,,,,,,,,,,,,,,,,,,,,,,,,,,,,,,,,,,,,,,,,,,,,,,,,,,,,,,,,,,,,,,,,,,,,,,,,,,,,,,,,,,,,,,,,,,,,,,,,,,,,,,,,,,,,,,,,,,,,,,,,,,,,,,,,,,,,,,,,,
"Выплаты средств по импорту технологий за год, млн руб.3)",,,,,,,,,,"5,163.5","11,632.6","18,093.1","20,236.1","23,588.6","27,178.5","30,939.9","35,715.1","55,111.3","49,910.6","42,822.8","56,279.3","63,317.0","78,597.7",-,-,-,-,-,-,-,-,-,-,-,,,,,,,,,,,,,,,,,,,,,,,,,,,,,,,,,,,,,,,,,,,,,,,,,,,,,,,,,,,,,,,,,,,,,,,,,,,,,,,,,,,,,,,,,,,,,,,,,,,,,,,,,,,,,,,,,,,,,,,,,,,,,,,,,,,,,,,,,,,,,,,,,,,,,,,,,,,,,,,,,,,,,,,,,,,,,,,,,,,,,,,,,,,,,,,,,,,,,,,,,,,,,,,,,,,,,,,,,,,,,
"Выплаты средств по импорту технологий за год, млн долл. США4)",,,,,,,,,,182.9,395.4,572.5,666.1,823.0,954.2,"1,128.4","1,426.4","2,087.1","1,619.0","1,426.0","1,862.6","2,043.2","2,463.6","2,455.8","2,205.4","2,498.7","3,305.2","3,064.7","4,837","4,825","5,044",…,…,…,,,,,,,,,,,,,,,,,,,,,,,,,,,,,,,,,,,,,,,,,,,,,,,,,,,,,,,,,,,,,,,,,,,,,,,,,,,,,,,,,,,,,,,,,,,,,,,,,,,,,,,,,,,,,,,,,,,,,,,,,,,,,,,,,,,,,,,,,,,,,,,,,,,,,,,,,,,,,,,,,,,,,,,,,,,,,,,,,,,,,,,,,,,,,,,,,,,,,,,,,,,,,,,,,,,,,,,,,,,,,
_____________,,,,,,,,,,,,,,,,,,,,,,,,,,,,,,,,,,,,,,,,,,,,,,,,,,,,,,,,,,,,,,,,,,,,,,,,,,,,,,,,,,,,,,,,,,,,,,,,,,,,,,,,,,,,,,,,,,,,,,,,,,,,,,,,,,,,,,,,,,,,,,,,,,,,,,,,,,,,,,,,,,,,,,,,,,,,,,,,,,,,,,,,,,,,,,,,,,,,,,,,,,,,,,,,,,,,,,,,,,,,,,,,,,,,,,,,,,,,,,,,,,,,,,,,,,,,,,,
"1) По данным Роспатента  (за 1991, 1992 гг. - данных нет).",,,,,,,,,,,,,,,,,,,,,,,,,,,,,,,,,,,,,,,,,,,,,,,,,,,,,,,,,,,,,,,,,,,,,,,,,,,,,,,,,,,,,,,,,,,,,,,,,,,,,,,,,,,,,,,,,,,,,,,,,,,,,,,,,,,,,,,,,,,,,,,,,,,,,,,,,,,,,,,,,,,,,,,,,,,,,,,,,,,,,,,,,,,,,,,,,,,,,,,,,,,,,,,,,,,,,,,,,,,,,,,,,,,,,,,,,,,,,,,,,,,,,,,,,,,,,,,
2) Статистическое наблюдение ведется с 1997 г.,,,,,,,,,,,,,,,,,,,,,,,,,,,,,,,,,,,,,,,,,,,,,,,,,,,,,,,,,,,,,,,,,,,,,,,,,,,,,,,,,,,,,,,,,,,,,,,,,,,,,,,,,,,,,,,,,,,,,,,,,,,,,,,,,,,,,,,,,,,,,,,,,,,,,,,,,,,,,,,,,,,,,,,,,,,,,,,,,,,,,,,,,,,,,,,,,,,,,,,,,,,,,,,,,,,,,,,,,,,,,,,,,,,,,,,,,,,,,,,,,,,,,,,,,,,,,,,
3) Начиная с 2014 г. данные формируются в долл. США.,,,,,,,,,,,,,,,,,,,,,,,,,,,,,,,,,,,,,,,,,,,,,,,,,,,,,,,,,,,,,,,,,,,,,,,,,,,,,,,,,,,,,,,,,,,,,,,,,,,,,,,,,,,,,,,,,,,,,,,,,,,,,,,,,,,,,,,,,,,,,,,,,,,,,,,,,,,,,,,,,,,,,,,,,,,,,,,,,,,,,,,,,,,,,,,,,,,,,,,,,,,,,,,,,,,,,,,,,,,,,,,,,,,,,,,,,,,,,,,,,,,,,,,,,,,,,,,
4) Информация с 2022 года не публикуется.,,,,,,,,,,,,,,,,,,,,,,,,,,,,,,,,,,,,,,,,,,,,,,,,,,,,,,,,,,,,,,,,,,,,,,,,,,,,,,,,,,,,,,,,,,,,,,,,,,,,,,,,,,,,,,,,,,,,,,,,,,,,,,,,,,,,,,,,,,,,,,,,,,,,,,,,,,,,,,,,,,,,,,,,,,,,,,,,,,,,,,,,,,,,,,,,,,,,,,,,,,,,,,,,,,,,,,,,,,,,,,,,,,,,,,,,,,,,,,,,,,,,,,,,,,,,,,,
,,,,,,,,,,,,,,,,,,,,,,,,,,,,,,,,,,,,,,,,,,,,,,,,,,,,,,,,,,,,,,,,,,,,,,,,,,,,,,,,,,,,,,,,,,,,,,,,,,,,,,,,,,,,,,,,,,,,,,,,,,,,,,,,,,,,,,,,,,,,,,,,,,,,,,,,,,,,,,,,,,,,,,,,,,,,,,,,,,,,,,,,,,,,,,,,,,,,,,,,,,,,,,,,,,,,,,,,,,,,,,,,,,,,,,,,,,,,,,,,,,,,,,,,,,,,,,,
"Технологические, организационные 
и маркетинговые инновации1)",,,,,,,,,,,,,,,,,,,,,,,,,,,,,,,,,,,,,,,,,,,,,,,,,,,,,,,,,,,,,,,,,,,,,,,,,,,,,,,,,,,,,,,,,,,,,,,,,,,,,,,,,,,,,,,,,,,,,,,,,,,,,,,,,,,,,,,,,,,,,,,,,,,,,,,,,,,,,,,,,,,,,,,,,,,,,,,,,,,,,,,,,,,,,,,,,,,,,,,,,,,,,,,,,,,,,,,,,,,,,,,,,,,,,,,,,,,,,,,,,,,,,,,,,,,,,,,
В соответствии с Общероссийским классификатором видов экономической деятельности ОК 029-2007 (Кдес Ред.1.1) ОКВЭД,,,,,,,,,,,,,,,,,,,,,,,,,,,,,,,,,,,,,,,,,,,,,,,,,,,,,,,,,,,,,,,,,,,,,,,,,,,,,,,,,,,,,,,,,,,,,,,,,,,,,,,,,,,,,,,,,,,,,,,,,,,,,,,,,,,,,,,,,,,,,,,,,,,,,,,,,,,,,,,,,,,,,,,,,,,,,,,,,,,,,,,,,,,,,,,,,,,,,,,,,,,,,,,,,,,,,,,,,,,,,,,,,,,,,,,,,,,,,,,,,,,,,,,,,,,,,,,
"Удельный вес организаций добывающих, обрабатывающих производств, по производству 
и распределению электроэнергии, газа и воды, осуществлявших технологические инновации, в общем числе организаций, процентов",,,,,5.5,5.2,4.7,5.0,6.2,10.6,9.6,9.8,10.3,10.5,9.3,9.4,9.4,9.6,9.4,9.3,9.6,9.9,9.7,9.7,9.5,9.2,,,,,,,,,,,,,,,,,,,,,,,,,,,,,,,,,,,,,,,,,,,,,,,,,,,,,,,,,,,,,,,,,,,,,,,,,,,,,,,,,,,,,,,,,,,,,,,,,,,,,,,,,,,,,,,,,,,,,,,,,,,,,,,,,,,,,,,,,,,,,,,,,,,,,,,,,,,,,,,,,,,,,,,,,,,,,,,,,,,,,,,,,,,,,,,,,,,,,,,,,,,,,,,,,,,,,,,,,,,,,,,,,,,,,
"Удельный вес затрат на технологические инновации в организациях добывающих, обрабатывающих производств, 
по производству и распределению электроэнергии, газа и воды, в общем объеме отгруженных товаров, выполненных работ, услуг, процентов",,,,,0.9,0.9,0.8,1.1,1.1,1.4,1.4,1.8,1.6,1.5,1.2,1.4,1.2,1.4,1.9,1.5,1.5,1.8,2.2,2.1,1.8,1.8,,,,,,,,,,,,,,,,,,,,,,,,,,,,,,,,,,,,,,,,,,,,,,,,,,,,,,,,,,,,,,,,,,,,,,,,,,,,,,,,,,,,,,,,,,,,,,,,,,,,,,,,,,,,,,,,,,,,,,,,,,,,,,,,,,,,,,,,,,,,,,,,,,,,,,,,,,,,,,,,,,,,,,,,,,,,,,,,,,,,,,,,,,,,,,,,,,,,,,,,,,,,,,,,,,,,,,,,,,,,,,,,,,,,,
"Объем отгруженных инновационных товаров, работ и услуг организаций добывающих, обрабатывающих производств, по производству 
и распределению электроэнергии, газа и воды, (в действующих ценах, млн  руб., до 1998 г. - млрд руб.)",,,,,"39,796.8","35,334.2","54,948.9","45,776.6","84,379.6","154,135.0","181,826.1","206,313.2","312,692.0","433,003.5","545,540.0","714,024.6","916,131.6","1,046,960.0","877,684.8","1,165,747.6","1,847,370.4","2,509,604.4","3,072,530.8","3,037,407.3","3,258,254.6","3,723,693.4",,,,,,,,,,,,,,,,,,,,,,,,,,,,,,,,,,,,,,,,,,,,,,,,,,,,,,,,,,,,,,,,,,,,,,,,,,,,,,,,,,,,,,,,,,,,,,,,,,,,,,,,,,,,,,,,,,,,,,,,,,,,,,,,,,,,,,,,,,,,,,,,,,,,,,,,,,,,,,,,,,,,,,,,,,,,,,,,,,,,,,,,,,,,,,,,,,,,,,,,,,,,,,,,,,,,,,,,,,,,,,,,,,,,,
В соответствии с Общероссийским классификатором видов экономической деятельности ОК 029-2014 (КДЕС Ред.2) ОКВЭД2,,,,,,,,,,,,,,,,,,,,,,,,,,,,,,,,,,,,,,,,,,,,,,,,,,,,,,,,,,,,,,,,,,,,,,,,,,,,,,,,,,,,,,,,,,,,,,,,,,,,,,,,,,,,,,,,,,,,,,,,,,,,,,,,,,,,,,,,,,,,,,,,,,,,,,,,,,,,,,,,,,,,,,,,,,,,,,,,,,,,,,,,,,,,,,,,,,,,,,,,,,,,,,,,,,,,,,,,,,,,,,,,,,,,,,,,,,,,,,,,,,,,,,,,,,,,,,,
"Удельный вес затрат на инновационную деятельность в организациях добывающих, обрабатывающих производств, по обеспечению электрической энергией, газом и паром; кондиционированию воздуха; водоснабжению, водоотведению, организации сбора и утилизации отходов, деятельности по ликвидации загрязнений, в общем объеме отгруженных товаров, выполненных работ, услуг2), процентов",,,,,,,,,,,,,,,,,,,,,,,,,,,1.7,1.5,1.6,1.9,1.6,1.6,1.6,1.9,,,,,,,,,,,,,,,,,,,,,,,,,,,,,,,,,,,,,,,,,,,,,,,,,,,,,,,,,,,,,,,,,,,,,,,,,,,,,,,,,,,,,,,,,,,,,,,,,,,,,,,,,,,,,,,,,,,,,,,,,,,,,,,,,,,,,,,,,,,,,,,,,,,,,,,,,,,,,,,,,,,,,,,,,,,,,,,,,,,,,,,,,,,,,,,,,,,,,,,,,,,,,,,,,,,,,,,,,,,,,
"Объем отгруженных инновационных товаров, работ и услуг организаций добывающих, обрабатывающих производств, по обеспечению электрической энергией, газом и паром; кондиционированию воздуха; водоснабжению, водоотведению, организации сбора и утилизации отходов, деятельности по ликвидации загрязнений, (в действующих ценах, 
млн  руб.)",,,,,,,,,,,,,,,,,,,,,,,,,,,"3,403,055.2","3,693,061.6","3,871,481.1","3,999,391.8","4,582,372.5","4,934,479.5","6,076,277.8","7,194,543.0",,,,,,,,,,,,,,,,,,,,,,,,,,,,,,,,,,,,,,,,,,,,,,,,,,,,,,,,,,,,,,,,,,,,,,,,,,,,,,,,,,,,,,,,,,,,,,,,,,,,,,,,,,,,,,,,,,,,,,,,,,,,,,,,,,,,,,,,,,,,,,,,,,,,,,,,,,,,,,,,,,,,,,,,,,,,,,,,,,,,,,,,,,,,,,,,,,,,,,,,,,,,,,,,,,,,,,,,,,,,,
______________,,,,,,,,,,,,,,,,,,,,,,,,,,,,,,,,,,,,,,,,,,,,,,,,,,,,,,,,,,,,,,,,,,,,,,,,,,,,,,,,,,,,,,,,,,,,,,,,,,,,,,,,,,,,,,,,,,,,,,,,,,,,,,,,,,,,,,,,,,,,,,,,,,,,,,,,,,,,,,,,,,,,,,,,,,,,,,,,,,,,,,,,,,,,,,,,,,,,,,,,,,,,,,,,,,,,,,,,,,,,,,,,,,,,,,,,,,,,,,,,,,,,,,,,,,,,,,,
1) Статистическое наблюдение  по организационным инновациям ведется с 2000 г.; по маркетинговым инновациям - с 2006 г .,,,,,,,,,,,,,,,,,,,,,,,,,,,,,,,,,,,,,,,,,,,,,,,,,,,,,,,,,,,,,,,,,,,,,,,,,,,,,,,,,,,,,,,,,,,,,,,,,,,,,,,,,,,,,,,,,,,,,,,,,,,,,,,,,,,,,,,,,,,,,,,,,,,,,,,,,,,,,,,,,,,,,,,,,,,,,,,,,,,,,,,,,,,,,,,,,,,,,,,,,,,,,,,,,,,,,,,,,,,,,,,,,,,,,,,,,,,,,,,,,,,,,,,,,,,,,,,
"2) До 2019 года - затраты на технологические инновации. Начиная с отчета за 2019 год сведения о затратах формируются по двум типам инноваций - продуктовым и процессным (в соответствии с новой редакцией международного руководства по статистическому измерению инноваций, реализуемому ОЭСР совместно с Евростатом (четвертая редакция Руководства Осло).",,,,,,,,,,,,,,,,,,,,,,,,,,,,,,,,,,,,,,,,,,,,,,,,,,,,,,,,,,,,,,,,,,,,,,,,,,,,,,,,,,,,,,,,,,,,,,,,,,,,,,,,,,,,,,,,,,,,,,,,,,,,,,,,,,,,,,,,,,,,,,,,,,,,,,,,,,,,,,,,,,,,,,,,,,,,,,,,,,,,,,,,,,,,,,,,,,,,,,,,,,,,,,,,,,,,,,,,,,,,,,,,,,,,,,,,,,,,,,,,,,,,,,,,,,,,,,,
