,СОЦИАЛЬНО-ЭКОНОМИЧЕСКИЕ ПОКАЗАТЕЛИ РОССИЙСКОЙ ФЕДЕРАЦИИ В 1991-2024 гг.,,,,,,,,,,,,
,Содержание,,,,,,,,,,,,
,Раздел 1.  Государственное устройство Российской Федерации,,,,,,,,,,,,
,,,,,,,,,,,,,
,Раздел 2. Природные ресурсы и охрана окружающей среды,,,,,,,,,,,,
,,,,,,,,,,,,,
,Раздел 3.  Население,,,,,,,,,,,,
,,,,,,,,,,,,,
,Раздел 4. Труд,,,,,,,,,,,,
,,,,,,,,,,,,,
,Раздел 5. Уровень жизни населения ,,,,,,,,,,,,
,,,,,,,,,,,,,
,Раздел 6. Образование,,,,,,,,,,,,
,,,,,,,,,,,,,
,Раздел 7.  Здравоохранение,,,,,,,,,,,,
,,,,,,,,,,,,,
,Раздел 8. Культура,,,,,,,,,,,,
,,,,,,,,,,,,,
,Раздел 9.  Туризм и отдых,,,,,,,,,,,,
,,,,,,,,,,,,,
,Раздел 10. Система национальных счетов,,,,,,,,,,,,
,,,,,,,,,,,,,
,Раздел 11. Инвестиции,,,,,,,,,,,,
,,,,,,,,,,,,,
,Раздел 12. Основные фонды,,,,,,,,,,,,
,,,,,,,,,,,,,
,Раздел 13. Предприятия и организации,,,,,,,,,,,,
,,,,,,,,,,,,,
,Раздел 14. Промышленное производство,,,,,,,,,,,,
,,,,,,,,,,,,,
,"Раздел 15. Сельское, лесное хозяйство, рыболовство и рыбоводство",,,,,,,,,,,,
,,,,,,,,,,,,,
,Раздел 16. Строительство,,,,,,,,,,,,
,,,,,,,,,,,,,
,Раздел 17. Торговля и услуги населению,,,,,,,,,,,,
,,,,,,,,,,,,,
,Раздел 18. Транспорт,,,,,,,,,,,,
,,,,,,,,,,,,,
,Раздел 19. Информационные и коммуникационные технологии,,,,,,,,,,,,
,,,,,,,,,,,,,
,Раздел 20.  Наука и инновации,,,,,,,,,,,,
,,,,,,,,,,,,,
,Раздел 21. Финансы,,,,,,,,,,,,
,,,,,,,,,,,,,
,Раздел 22.  Цены и тарифы,,,,,,,,,,,,
,,,,,,,,,,,,,
,Раздел 23. Внешняя торговля,,,,,,,,,,,,
,,,,,,,,,,,,,
,"Официальная статистическая информация, разрабатываемая Росстатом, публикуется без учета статистической информации по Донецкой Народной Республике, Луганской Народной Республике,  Запорожской и Херсонской областям. Отдельные показатели, к которым приведены соответствующие сноски, публикуются по данным Росводоресурсов, Росрыболовства, Казначейства России, Роструда, Социального фонда России и включают статистическую информацию с учетом данных по вышеназванным субъектам Российской Федерации.
",,,,,,,,,,,,
,,,,,,,,,,,,,
,"В соответствии с ч. 10 ст. 5 Федерального закона от 29 ноября 2007 г. № 282-ФЗ «Об официальном статистическом учете и системе государственной статистики в Российской Федерации» по ряду показателей информация временно не распространяется (данные по таким показателям отмечены символом «***»). Статистическая информация будет опубликована в последующих изданиях в случае снятия ограничений на ее распространение.
",,,,,,,,,,,,
