СОЦИАЛЬНО-ЭКОНОМИЧЕСКИЕ ПОКАЗАТЕЛИ РОССИЙСКОЙ ФЕДЕРАЦИИ В 1991-2017 гг.;;;;;;;;;;;;;;;;;;;;;;;;;;;;
 ПОКАЗАТЕЛИ ;1991;1992;1993;1994;1995;1996;1997;1998;1999;2000;2001;2002;2003;2004;2005;2006;2007;2008;2009;2010;2011;2012;2013;2014;2015;2016;2017;
10. СИСТЕМА НАЦИОНАЛЬНЫХ СЧЕТОВ*);;;;;;;;;;;;;;;;;;;;;;;;;;;;
Показатели национальных счетов;;;;;;;;;;;;;;;;;;;;;;;;;;;;
Валовой внутренний продукт, млрд.руб.(1992-1997 гг.- трлн.руб);1,4;19,0;171,5;610,7;1428,5;2007,8;2342,5;2629,6;4823,2;7305,6;8943,6;10830,5;13208,2;17027,2;21609,8;26917,2;33247,5;41276,8;38807,2;46308,5;60282,5;68163,9;73133,9;79199,7;83387,2;86148,6;92037,2;
на душу населения1), руб.(1992-1997 гг.- тыс.руб);9,4;128,0;1155,3;4115,3;9627,7;13551,7;15836,9;17807,3;32763,2;49834,9;61267,3;74535,8;91312,5;118189,1;150571,0;188166,9;232817,4;289170,3;271787,1;324177,2;421671,5;475999,0;509619,0;542127,0;569561,3;587345,2;587345,2;
Темпы роста ВВП (в постоянных ценах), в процентах к предыдущему году;95,0;85,5;91,3;87,3;95,9;96,4;101,4;94,7;106,4;110,0;105,1;104,7;107,3;107,2;106,4;108,2;108,5;105,2;92,2;104,5;104,3;103,7;101,8;100,7;97,5;99,8;101,5;
Индекс-дефлятор ВВП, в процентах к предыдущему году2) ;228,6;1589,5;988,4;407,9;243,9;145,8;115,1;118,6;172,5;137,6;116,5;115,6;113,8;120,3;119,3;115,2;113,8;118,0;102,0;114,2;…;109,1;105,4;107,5;108,0;103,5;105,2;
"Динамика валового внутреннего продукта ( в постоянных ценах; 2011 г.- 100%)";85,0;72,6;66,3;57,9;55,5;53,5;54,3;51,4;54,6;60,1;63,2;66,2;71,0;76,1;80,9;87,5;95,0;100,0;92,2;96,3;100,0;103,7;105,6;106,3;103,6;103,4;…;
1) За 2003-2010 гг. показатели рассчитаны с использованием численности населения с учетом итогов Всероссийской переписи населения 2010 года.;;;;;;;;;;;;;;;;;;;;;;;;;;;;
2) Индекс-дефлятор за 2011. не публикуется в связи с различной методологией расчёта валовой добавленной стоимости в текущих ценах за 2010, 2011 гг. ;;;;;;;;;;;;;;;;;;;;;;;;;;;;
"Счет товаров и услуг (в текущих ценах; миллионов рублей)";;;;;;;;;;;;;;;;;;;;;;;;;;;;
Ресурсы;2844,8;48591,6;373338,4;1233905,3;3246420,0;4417435,9;5069837,4;5465974,2;10060912,0;15141463,9;19186204,8;22885944,1;28015493,2;35432909,9;44760977,1;55817144,1;69677385,3;86806795,2;81046669,9;98112692,6;121169557,2;136046694,1;147349551,1;159753919,4;171975809,2;180802148,1;194773033,3;
Выпуск в основных ценах;2612,1;39083,7;305481,0;1044341,5;2767620,5;3799125,9;4327531,3;4573977,1;8303202,6;12552211,7;15922787,8;18990498,6;23273089,5;29490622,6;37020602,0;46223866,5;57752132,5;71601657,9;68116448,0;82054614,9;100960390,7;113092172,5;123165485,1;133110237,9;146356047,9;154577983,2;166753822,7;
Импорт товаров и услуг;181,6;9173,2;52300,0;141665,5;369902,7;438694,0;527711,4;645633,8;1262349,2;1755804,7;2165927,7;2646204,1;3153920,2;3773863,5;4648275,4;5653419,9;7162210,8;9110986,5;7954327,1;9789614,0;12010756,9;13786871,7;14919620,8;16351535,5;17153423,3;17683237,7;19041143,8;
Налоги на продукты ;141,1;3592,0;26028,6;71923,4;184071,2;269095,0;320255,8;338824,5;613854,6;980880,4;1268911,4;1415153,0;1775123,2;2352124,6;3248224,8;4090102,5;4977558,7;6323848,4;5202132,9;6462567,9;8413321,9;9411798,2;9510857,9;10550847,8;8738499,6;8817205,9;9264512,5;
Субсидии на продукты (-)1);90,0;3257,3;10471,2;24025,1;75174,4;89479,0;105661,1;92461,2;118494,4;147432,9;171422,1;165911,6;186639,7;183700,7;156125,1;150244,8;214516,7;229697,6;226238,1;194104,2;214912,3;244148,3;246412,7;258701,8;272161,6;276278,7;286445,7;
Использование;2844,8;48591,6;373338,4;1233905,3;3246420,0;4417435,9;5069837,4;5465974,2;10060912,0;15141463,9;19186204,8;22885944,1;28015493,2;35432909,9;44760977,1;55817144,1;69677385,3;86806795,3;81046669,9;98112692,6;121169557,2;136046694,1;147349551,1;159753919,4;171975809,2;180802148,1;194773033,3;
Промежуточное потребление;1264,7;20412,9;149528,9;481494,6;1447995,2;1970916,8;2199612,0;2190717,4;3975329,3;6080012,9;8076694,7;9409204,9;11653339,2;14631855,5;18502936,2;23246522,8;29267661,3;36418959,6;34285124,2;42014537,4;48876259,9;54095939,3;59296035,2;64202725,4;71435194,2;76970344,8;83694713,8;
Расходы на конечное потребление;855,4;9183,6;106755,4;422052,7;1016594,3;1435869,8;1776137,6;2003790,1;3285678,1;4476850,9;5886860,6;7484115,5;9058687,6;11477849,6;14438149,2;17809740,7;21968579,5;27543511,4;29269625,1;32514673,2;40692217,7;46895780,1;52274283,6;56510695,1;58445375,1;61060258,4;64762774,9;
Валовое накопление;507,2;6582,1;46316,9;155971,4;363362,0;475256,4;514801,3;393482,2;715319,5;1365733,8;1963110,4;2169313,7;2755048,5;3558951,4;4338730,5;5698727,3;8034098,2;10526116,1;7344756,5;10472630,0;14735887,4;16730202,4;16915862,1;17614564,3;18241183,4;19671763;21962231,2;
Экспорт товаров и услуг;185,6;11847,5;65524,7;169534,3;418468,5;523463,1;579286,5;821043,4;2084585,1;3218866,3;3299561,7;3813694,6;4655880,3;5860396,9;7607256,5;9079332,7;10028762,1;12923553,7;10842026,2;13529310,9;16865192,2;18324772,3;18863370,2;21425934,6;23854056,5;22139288,6;23966093,9;
Статистическое расхождение;31,9;565,5;5212,5;4852,3;0,0;11929,8;0,0;56941,1;0,0;0,0;-40022,6;9615,4;-107462,4;-96143,5;-126095,3;-17179,4;378284,2;-605345,5;-694862,1;-418458,9;0,0;0,0;0,0;0,0;0;960493,3;387219,5;
"Счет производства (в текущих ценах; миллионов рублей)";;;;;;;;;;;;;;;;;;;;;;;;;;;;
Ресурсы;2663,2;39418,4;321038,4;1092239,8;2876517,3;3978741,9;4542126,0;4820340,4;8798562,8;13385659,2;17020277,1;20239740,0;24861573,0;31659046,4;40112701,7;50163724,2;62515174,5;77695808,7;73092342,8;88323078,6;109158800,3;122259822,4;132429930,3;143402383,9;154822385,9;163118910,4;175731889,5;
Выпуск в основных ценах;2612,1;39083,7;305481,0;1044341,5;2767620,5;3799125,9;4327531,3;4573977,1;8303202,6;12552211,7;15922787,8;18990498,6;23273089,5;29490622,6;37020602,0;46223866,5;57752132,5;71601657,9;68116448,0;82054614,9;100960390,7;113092172,5;123165485,1;133110237,9;146356047,9;154577983,2;166753822,7;
Налоги на продукты;141,1;3592,0;26028,6;71923,4;184071,2;269095,0;320255,8;338824,5;613854,6;980880,4;1268911,4;1415153,0;1775123,2;2352124,6;3248224,8;4090102,5;4977558,7;6323848,4;5202132,9;6462567,9;8413321,9;9411798,2;9510857,9;10550847,8;8738499,6;8817205,9;9264512,5;
Субсидии на продукты (-);90,0;3257,3;10471,2;24025,1;75174,4;89479,0;105661,1;92461,2;118494,4;147432,9;171422,1;165911,6;186639,7;183700,7;156125,1;150244,8;214516,7;229697,6;226238,1;194104,2;214912,3;244148,3;246412,7;258701,8;272161,6;276278,7;286445,7;
Использование;2663,2;39418,4;321038,4;1092239,8;2876517,3;3978741,9;4542126,0;4820340,4;8798562,8;13385659,2;17020277,1;20239740,0;24861573,0;31659046,4;40112701,7;50163724,2;62515174,5;77695808,7;73092342,8;88323078,6;109158800,3;122259822,4;132429930,3;143402383,9;154822385,9;163118910,4;175731889,5;
Промежуточное потребление;1264,7;20412,9;149528,9;481494,6;1447995,2;1970916,8;2199612,0;2190717,4;3975329,3;6080012,9;8076694,7;9409204,9;11653339,2;14631855,5;18502936,2;23246522,8;29267661,3;36418959,6;34285124,2;42014537,4;48876259,9;54095939,3;59296035,2;64202725,4;71435194,2;76970344,8;83694713,8;
Валовой внутренний продукт в рыночных ценах;1398,5;19005,5;171509,5;610745,2;1428522,1;2007825,1;2342514,0;2629623,0;4823233,5;7305646,3;8943582,4;10830535,1;13208233,8;17027190,9;21609765,5;26917201,4;33247513,2;41276849,2;38807218,6;46308541,2;60282540,4;68163883,1;73133895,1;79199658,5;83387191,7;86148565,6;92037175,7;
"Счет образования доходов  (в текущих ценах; миллионов рублей)";;;;;;;;;;;;;;;;;;;;;;;;;;;;
Ресурсы;1398,5;19005,5;171509,5;610745,2;1428522,1;2007825,1;2342514,0;2629623,0;4823233,5;7305646,3;8943582,4;10830535,1;13208233,8;17027190,9;21609765,5;26917201,4;33247513,2;41276849,2;38807218,6;46308541,2;60282540,4;68163883,1;73133895,1;79199658,5;83387191,7;86148565,6;92037175,7;
Валовой внутренний продукт в рыночных ценах;1398,5;19005,5;171509,5;610745,2;1428522,1;2007825,1;2342514,0;2629623,0;4823233,5;7305646,3;8943582,4;10830535,1;13208233,8;17027190,9;21609765,5;26917201,4;33247513,2;41276849,2;38807218,6;46308541,2;60282540,4;68163883,1;73133895,1;79199658,5;83387191,7;86148565,6;92037175,7;
Использование;1398,5;19005,5;171509,5;610745,2;1428522,1;2007825,1;2342514,0;2629623,0;4823233,5;7305646,3;8943582,4;10830535,1;13208233,8;17027190,9;21609765,5;26917201,4;33247513,2;41276849,2;38807218,6;46308541,2;60282540,5;68163883,1;73133895,1;79199658,5;83387191,7;86148565,6;92037175,7;
Оплата труда наемных работников;610,9;6979,4;76346,2;300997,6;647875,8;1022643,3;1202900,5;1263046,9;1933606,1;2937229,9;3848398,5;5065100,6;6231387,9;7845036,7;9474266,7;11985905,6;15526114,7;19559761,0;20411614,4;22995636,0;26386675,4;30201161,5;33792282,2;37387176,4;38697771,5;40941461,9;43904226,5;
в том числе оплата труда и смешанные доходы, не наблюдаемые прямыми статистическими методами -  всего ;;;9100,0;52000,0;110000,0;220000,0;270000,0;270000,0;525000,0;810000,0;993500,0;1249000,0;1496400,0;1995100,0;2551000,0;3450000,0;4450000,0;5200000,0;5790000,0;6632000,0;6466513,0;7706849,0;8839093,0;10536077,0;10152588,4;10637278,7;11367991,5;
Налоги на производство и импорт;152,0;3892,9;28672,8;85044,1;252401,3;378712,0;469958,6;517923,0;883308,1;1404111,5;1585833,1;2028443,0;2318223,0;3079045,6;4410767,1;5542275,3;6564455,7;8498539,1;6808387,9;8494621,8;9106986,3;10204505,8;10411927,8;11497947,1;9787221,1;9942260,5;10507927,4;
в том числе:;;;;;;;;;;;;;;;;;;;;;;;;;;;;
налоги на продукты ;141,1;3592,0;26028,6;71923,4;184071,2;269095,0;320255,8;338824,5;613854,6;980880,4;1268911,4;1415153,0;1775123,2;2352124,6;3248224,8;4090102,5;4977558,7;6323848,4;5202132,9;6462567,9;8413321,9;9411798,2;9510857,9;10550847,9;8738499,6;8817205,9;9264512,5;
другие налоги на производство;10,9;300,9;2644,2;13120,7;68330,1;109617,0;149702,8;179098,5;269453,5;423231,1;316921,7;613290,0;543099,8;726921,0;1162542,3;1452172,8;1586897,0;2174690,7;1606255,0;2032053,9;693664,4;792707,6;901069,9;947099,2;1048721,5;1125054,6;1243414,9;
Субсидии на производство и импорт           (-);90,0;3257,3;10471,2;26640,9;82547,0;92897,2;113688,8;98035,3;125192,6;155627,5;183250,6;181199,2;205705,4;203595,1;162407,7;155563,8;230138,8;280117,0;333869,4;275454,3;359982,9;373817,0;349608,3;493706,9;516719,3;521404,4;553138,9;
в том числе:;;;;;;;;;;;;;;;;;;;;;;;;;;;;
субсидии на продукты ;90,0;3257,3;10471,2;24025,1;75174,4;89479,0;105661,1;92461,2;118494,4;147432,9;171422,1;165911,6;186639,7;183700,7;156125,1;150244,8;214516,7;229697,6;226238,1;194104,2;214912,3;244148,3;246412,7;258701,8;272161,6;276278,7;286445,7;
другие субсидии на производство;;;;2615,8;7372,6;3418,2;8027,7;5574,1;6698,2;8194,6;11828,5;15287,6;19065,7;19894,4;6282,6;5319,0;15622,1;50419,4;107631,3;81350,1;145070,6;129668,7;103195,6;235005,1;244557,7;245125,7;266693,2;
Валовая прибыль экономики и валовые смешанные доходы;725,6;11390,5;76961,7;251344,4;610792,0;699367,0;783343,7;946688,4;2131511,9;3119932,4;3692601,4;3918190,6;4864328,3;6306703,7;7887139,4;9544584,3;11387081,6;13498666,1;11921085,8;15093737,7;25148861,7;28132032,8;29279293,4;30808241,9;35418918,4;35786247,6;38178160,7;
"Счет распределения первичных доходов (в текущих ценах; миллионов рублей)";;;;;;;;;;;;;;;;;;;;;;;;;;;;
Ресурсы;1398,5;19679,1;173772,0;616708,4;1445305,2;2026641,0;2364236,9;2658220,2;4910508,4;7433342,2;9126673,1;10991181,3;13520752,2;17329843,6;22017851,4;27560158,8;34204936,6;42354172,6;39475844,3;47073765,9;61142048,6;69158828,5;73919260,5;80441480,3;85150730,8;88465855,8;94488397,4;
Валовая прибыль экономики и валовые смешанные доходы;725,6;11390,5;76961,7;251344,4;610792,0;699367,0;783343,7;946688,4;2131511,9;3119932,4;3692601,4;3918190,6;4864328,3;6306703,7;7887139,4;9544584,3;11387081,6;13498666,1;11921085,8;15093737,8;25148861,7;28132032,8;29279293,4;30808241,9;35418918,4;35786247,6;38178160,7;
Оплата труда наемных работников;610,9;6979,4;76346,2;300749,1;646489,7;1020585,2;1200924,4;1262279,3;1939045,4;2944729,8;3852184,6;5071283,1;6227103,0;7837582,4;9439827,8;11873211,0;15340209,0;19204696,2;20131506,2;22736866,9;26107115,2;29832569,5;33371754,6;37006043,2;38390456,9;40798085,5;43771381,9;
в том числе сальдо заработной платы, полученной за границей и выплаченной в России нерезидентам;;;;-248,5;-1386,1;-2058,1;-1976,1;-767,6;5439,3;7499,9;3786,1;6182,5;-4284,9;-7454,3;-34438,9;-112694,6;-185905,7;-355064,8;-280108,2;-258769,0;-279560,2;-368592,0;-420527,6;-381133,2;-307314,6;-143376,4;-132844,6;
Налоги на производство и импорт ;152,0;3892,9;28672,8;85044,1;252401,3;378712,0;469958,6;517923,0;883308,1;1404111,5;1585833,1;2028443,0;2318223,0;3079045,6;4410767,1;5542275,3;6564455,7;8498539,1;6808387,9;8494621,8;9106986,2;10204505,8;10411927,8;11497947,1;9787221,1;9942260,5;10507927,4;
Субсидии на производство и импорт                 (-);90,0;3257,3;10471,2;26640,9;82547,0;92897,2;113688,8;98035,3;125192,6;155627,5;183250,6;181199,2;205705,4;203595,1;162407,7;155563,8;230138,8;280117,0;333869,4;275454,3;359982,9;373817,0;349608,3;493706,9;516719,3;521404,4;553138,9;
"Доходы от собственности, полученные от ""остального мира""";;673,6;2262,5;6211,7;18169,2;20874,0;23699,0;29364,8;81835,6;120196,0;179304,6;154463,8;316803,3;310107,0;442524,8;755652,0;1143329,1;1432388,3;948733,9;1023993,7;1139068,4;1363537,4;1205893,0;1622955,0;2070853,7;2460666,6;2584066,3;
Использование;1398,5;19679,1;173772,0;616708,4;1445305,2;2026641,0;2364236,9;2658220,2;4910508,4;7433342,2;9126673,1;10991181,3;13520752,2;17329843,6;22017851,4;27560158,8;34204936,6;42354172,6;39475844,3;47073765,9;61142048,6;69158828,5;73919260,5;80441480,3;85150730,8;88465855,8;94488397,4;
"Доходы от собственности, переданные ""остальному миру""";;1057,6;4905,0;11322,5;32587,7;47717,0;72191,3;143790,8;278550,3;316788,8;306734,2;367331,9;713955,5;670883,3;947091,0;1439441,8;1740978,8;2287726,4;1929722,1;2243073,0;2628320,2;3100457,7;3331895,6;3815331,9;3933121,8;4591941,9;4750504,5;
Валовой национальный доход;1398,5;18621,5;168867,0;605385,9;1412717,5;1978924,0;2292045,6;2514429,4;4631958,1;7116553,4;8819938,9;10623849,4;12806796,7;16658960,3;21070760,4;26120717,0;32463957,8;40066446,2;37546122,2;44830692,9;58513728,4;66058370,8;70587364,9;76626148,4;81217609;83873913,9;89737892,9;
"Счет вторичного распределения доходов (в текущих ценах; миллионов рублей)";;;;;;;;;;;;;;;;;;;;;;;;;;;;
Ресурсы ;1398,5;19209,0;170588,9;606339,1;1416789,1;1982951,5;2294417,6;2517593,5;4661755,3;7139265,6;8841679,2;10676628,4;12884087,8;16763703,5;21197883,2;26294288,7;32678914,2;40336972,5;37828074,0;45133138,0;58918106,5;66569848,9;71139577,9;77297725,0;81821157,1;84448277,5;90333191,7;
Валовой национальный  доход;1398,5;18621,5;168867,0;605385,9;1412717,5;1978924,0;2292045,6;2514429,4;4631958,1;7116553,4;8819938,9;10623849,4;12806796,7;16658960,3;21070760,4;26120717,0;32463957,8;40066446,2;37546122,2;44830692,9;58513728,4;66058370,8;70587364,9;76626148,4;81217609;83873913,9;89737892,9;
"Текущие трансферты, полученные от ""остального мира""";;587,5;1721,9;953,2;4071,6;4027,5;2372,0;3164,1;29797,2;22712,2;21740,3;52779,0;77291,1;104743,2;127122,8;173571,7;214956,4;270526,3;281951,8;302445,1;404378,1;511478,1;552213,0;671576,6;603548,1;574363,6;595298,8;
Использование;1398,5;19209,0;170588,9;606339,1;1416789,1;1982951,5;2294417,6;2517593,5;4661755,3;7139265,6;8841679,2;10676628,4;12884087,8;16763703,5;21197883,2;26294288,7;32678914,2;40336972,5;37828074,0;45133138,0;58918106,5;66569848,9;71139577,9;77297725,0;81821157,1;84448277,5;90333191,7;
"Текущие трансферты, переданные ""остальному миру""";;1,4;436,7;1143,9;3386,0;3594,7;4445,4;5710,5;14361,0;20786,9;45666,4;63957,4;89285,6;124408,8;156730,1;214561,1;303347,8;341275,0;370912,9;412357,0;566635,3;703803,0;850381,3;986459,9;954780,1;990384,5;1132879;
Валовой располагаемый доход;1398,5;19207,6;170152,2;605195,2;1413403,1;1979356,8;2289972,2;2511883,0;4647394,3;7118478,7;8796012,8;10612671,0;12794802,2;16639294,7;21041153,1;26079727,6;32375566,4;39995697,5;37457161,1;44720781,0;58351471,2;65866045,9;70289196,6;76311265,1;80866377;83457893;89200312,7;
"Счет использования располагаемого дохода (в текущих ценах; миллионов рублей)";;;;;;;;;;;;;;;;;;;;;;;;;;;;
Ресурсы ;1398,5;19207,6;170152,2;605195,2;1413403,1;1979356,8;2289972,2;2511883,0;4647394,3;7118478,7;8796012,8;10612671,0;12794802,2;16639294,7;21041153,1;26079727,6;32375566,4;39995697,5;37457161,1;44720781,0;58351471,2;65866045,9;70289196,6;76311265,1;80866377;83457893;89200312,7;
Валовой располагаемый доход;1398,5;19207,6;170152,2;605195,2;1413403,1;1979356,8;2289972,2;2511883,0;4647394,3;7118478,7;8796012,8;10612671,0;12794802,2;16639294,7;21041153,1;26079727,6;32375566,4;39995697,5;37457161,1;44720781,0;58351471,2;65866045,9;70289196,6;76311265,1;80866377;83457893;89200312,7;
Использование;1398,5;19207,6;170152,2;605195,2;1413403,1;1979356,8;2289972,2;2511883,0;4647394,3;7118478,7;8796012,8;10612671,0;12794802,2;16639294,7;21041153,1;26079727,6;32375566,4;39995697,5;37457161,1;44720781,0;58351471,2;65866045,9;70289196,6;76311265,1;80866377;83457893;89200312,7;
Расходы на конечное потребление;855,4;9183,6;106755,4;422052,7;1016594,3;1435869,8;1776137,6;2003790,1;3285678,1;4476850,9;5886860,6;7484115,5;9058687,6;11477849,6;14438149,2;17809740,7;21968579,5;27543511,4;29269625,1;32514673,2;40692217,7;46895780,1;52274283,6;56510695,1;58445375,1;61060258,4;64762774,9;
в том числе:;;;;;;;;;;;;;;;;;;;;;;;;;;;;
домашних хозяйств;565,6;6208,2;68019,6;267112,6;719793,5;1007827,0;1235213,7;1462284,0;2526167,9;3295237,3;4318121,1;5409157,7;6537401,5;8438484,1;10652857,8;12974743,4;16031739,8;19966954,7;20985936,1;23617623,3;29939463,5;34492361,7;38465140,8;42015788,5;43336513,3;44965025,2;47871650,4;
государственного управления;230,9;2633,7;29758,2;136682,2;272501,5;391381,3;493573,5;492620,6;703209,1;1102497,1;1469957,6;1942441,8;2366368,7;2889814,5;3645918,5;4680409,7;5750964,1;7359844,2;8066692,6;8671323,7;10527421,8;12155971,7;13551946,1;14207045,1;14794804,3;15751043,5;16548928,2;
некоммерческих организаций, обслуживающих домашние хозяйства;58,9;341,7;8977,6;18257,9;24299,3;36661,5;47350,4;48885,5;56301,1;79116,5;98781,9;132516,0;154917,4;149551,0;139372,9;154587,6;185875,6;216712,5;216996,4;225726,2;225332,4;247446,7;257196,7;287861,5;314057,5;344189,7;342196,3;
Валовое сбережение;543,1;10024,0;63396,8;183142,5;396808,8;543487,0;513834,6;508092,9;1361716,2;2641627,8;2909152,2;3128555,5;3736114,6;5161445,1;6603003,9;8269986,9;10406986,9;12452186,1;8187536,0;12206107,8;17659253,5;18970265,8;18014913,0;19800570,0;22421001,9;22397634,6;24437537,8;
"Счет операций с капиталом (в текущих ценах; миллионов рублей)";;;;;;;;;;;;;;;;;;;;;;;;;;;;
Изменение в обязательствах и чистой стоимости капитала;543,1;10024,0;64212,9;185233,1;393045,8;540887,0;509254,5;502764,1;1350845,6;2941724,2;2635402,9;2736667,9;3706130,4;5115775,5;6238002,2;8272404,2;10145310,0;12459546,5;7810735,4;12201635,6;17655062,8;18824487,2;18006712,6;17948826,0;22405610,7;22346530,2;24426438,4;
Валовое сбережение;543,1;10024,0;63396,8;183142,5;396808,8;543487,0;513834,6;508092,9;1361716,2;2641627,8;2909152,2;3128555,5;3736114,6;5161445,1;6603003,9;8269986,9;10406986,9;12452186,1;8187536,0;12206107,8;17659253,5;18970265,8;18014913,0;19800570,0;22421001,9;22397634,6;24437537,8;
"Капитальные трансферты, полученные от ""остального мира""";;;816,1;9717,9;6368,9;9429,9;6919,4;8844,8;11911,3;318705,9;58174,3;230447,0;14827,7;20448,6;12256,3;19982,9;22262,3;25424,5;35000,4;19977,5;4878,8;11237,0;12378,9;16942,4;18501,4;65467,8;24756,4;
"Капитальные трансферты, переданные ""остальному миру"" (-)";;;;7627,3;10131,9;12029,9;11499,5;14173,6;22781,9;18609,5;331923,6;622334,6;44811,9;66118,2;377258,0;17565,6;283939,2;18064,1;411801,0;24449,7;9069,5;157015,6;20579,3;1868686,4;33892,6;116572,2;35855,8;
Изменение в активах;543,1;10024,0;64212,9;185233,1;393045,8;540887,0;509254,5;502764,1;1350845,6;2941724,2;2635402,9;2736667,9;3706130,4;5115775,5;6238002,2;8272404,2;10145310,0;12459546,5;7810735,4;12201635,6;17655062,8;18824487,2;18006712,6;17948826,0;22405610,7;22346530,2;24426438,4;
Валовое накопление основного капитала2);325,4;4550,7;34964,9;133208,7;301117,4;401613,9;428522,1;424656,5;693958,5;1232043,1;1689315,0;1939314,4;2432252,0;3130523,6;3836895,9;4980573,3;6980359,1;9200768,9;8535671,5;10014340,1;12952976,5;14689247,0;15925615,2;16828063,2;16941946,2;18402686,3;19966589,9;
Изменение запасов материальных оборотных средств;181,8;2031,4;11352,0;22762,7;62244,6;73642,5;86279,2;-31174,3;21361,0;133690,7;273795,4;229999,3;322796,5;428427,8;501834,6;718154,0;1053739,1;1325347,2;-1190915,0;458289,9;1782910,9;2040955,4;990246,9;786501,1;1299237,2;1269076,7;1995641,3;
Приобретение за вычетом выбытия непроизведенных нефинансовых активов;;;;;;;;;;;;;;;;;;5773,8;7232,4;-;-1195,2;12549,9;4606,3;10304,9;2841,4;934,4;2270,5;
Чистое кредитование (+), чистое заимствование (-) и статистическое расхождение;35,9;3441,9;17896,0;29261,7;29683,8;65630,6;-5546,8;109281,9;635526,1;1575990,4;672292,5;567354,2;951081,9;1556824,1;1899271,7;2573676,9;2111211,8;1927656,6;458746,5;1729005,6;2920370,6;2081734,9;1086244,2;323956,8;4161585,9;2673832,8;2461936,7;
В соответствии с Общероссийским классификатором видов экономической деятельности ОК 029-2007 (Кдес Ред.1.1) ОКВЭД;;;;;;;;;;;;;;;;;;;;;;;;;;;;
"Выпуск товаров и услуг по видам экономической деятельности (в текущих ценах; миллионов рублей)";;;;;;;;;;;;18990498,6;23273089,5;29490622,6;37020602,0;46223866,5;57752132,5;71601657,9;68116448,0;82054614,9;100960390,7;113092172,5;123165485,1;133110237,9;146356047,9;154577983,2;;
Сельское хозяйство, охота и лесное хозяйство;;;;;;;;;;;;1128100,8;1283388,3;1485181,3;1611613,2;1856108,4;2253721,9;2819575,5;2892506,0;3023199,4;3769460,4;3941217,5;4261559,7;4975414,9;5983915,969;6386910,283;;
Рыболовство, рыбоводство;;;;;;;;;;;;65554,9;107512,3;110807,7;122084,8;133058,5;141114,3;151476,9;179548,5;188455,1;204357,6;227380,4;242914,3;273931,7;364587,9531;395879,1516;;
Добыча полезных ископаемых;;;;;;;;;;;;1347497,7;1609675,5;2304007,7;3200085,4;3641572,7;4239161,9;4972892,2;4748097,1;5982248,1;7361122,5;8352856,1;8967958,6;9559568,5;10978716,25;11395783,97;;
Обрабатывающие производства;;;;;;;;;;;;4974605,6;6300015,7;8225397,5;10610913,8;13122939,6;16531565,9;20190378,6;16869216,9;21067729,9;25097057,5;27866721,4;29881736,9;32703709,0;36772740,82;38342486,09;;
Производство и распределение электроэнергии, газа и воды;;;;;;;;;;;;939362,2;1186506,5;1464504,1;1735050,5;2185171,9;2621553,3;3109919,8;3727420,9;4536888,3;5876157,6;5980597,3;6633036,2;6991782,4;7268270,377;7889802,01;;
Строительство;;;;;;;;;;;;1058965,4;1461122,7;1786292,1;2178962,2;2850835,6;3937478,9;5317770,5;4906338,7;5791323,3;7820197,6;8844773,5;8992161,1;9353861,8;9966500,539;10609878,91;;
"Оптовая и розничная торговля; ремонт автотранспортных средств, мотоциклов, бытовых изделий и предметов личного пользования";;;;;;;;;;;;3122894,4;3602366,0;4673283,9;5655446,8;7389723,5;9140468,7;11196780,8;9822719,8;12983306,5;14200405,3;15689041,2;16854139,3;18521207,6;20197632,48;20186802,27;;
Гостиницы и рестораны;;;;;;;;;;;;150474,2;174308,3;247748,3;316023,9;412841,1;548352,2;708383,1;697027,8;847367,2;940517,6;1107945,4;1181290,1;1294428,3;1438316,119;1499331,216;;
Транспорт и связь;;;;;;;;;;;;1857036,8;2221812,8;2789997,6;3447664,8;4312877,0;5098160,3;6425452,4;6410431,8;7286092,4;8399684,8;9606226,5;10657878,9;11357366,4;12903807,82;13923313,56;;
Финансовая деятельность;;;;;;;;;;;;410896,4;548838,1;692201,8;976222,0;1334423,2;1736934,4;2203766,2;2373143,3;2489258,3;2845300,2;3514991,1;4086568,8;4477830,9;3945333,344;4772685,332;;
Операции с недвижимым имуществом, аренда и предоставление услуг;;;;;;;;;;;;1581925,6;1907390,6;2222149,9;2893613,0;3584257,8;4862963,3;6108475,8;6511146,4;7796276,2;12020148,1;13681347,9;15526196,4;16718978,7;18643184,28;20107498,04;;
"Государственное управление и обеспечение военной безопасности; социальное страхование";;;;;;;;;;;;1103620,7;1375996,0;1645632,2;1988395,7;2517781,8;3030246,1;3897155,0;4242799,1;4716044,4;5923023,9;7090184,0;7966128,7;8109463,6;8464920,776;9241050,706;;
Образование;;;;;;;;;;;;388822,1;458239,6;562058,0;705529,2;886068,3;1118838,8;1398967,5;1534347,3;1683393,3;1913333,6;2012124,4;2204266,3;2313606,5;2381993,356;2432692,958;;
Здравоохранение и предоставление социальных услуг;;;;;;;;;;;;542159,2;629486,2;791460,3;995030,5;1262248,1;1559218,9;1979160,8;2157582,9;2381500,1;2805442,8;3181991,2;3506502,5;4037538,1;4330581,784;4477912,73;;
Предоставление прочих коммунальных, социальных и персональных услуг;;;;;;;;;;;;318582,6;406430,6;489900,2;583966,2;733958,9;932353,5;1121502,9;1044121,6;1281459,8;1445608,3;1618925,8;1797054,0;1985472,3;2232957,664;2409677,346;;
Деятельность домашних хозяйств;;;;;;;;;;;;;;;;;;;;72,5;338573,0;375849,0;406093,2;436077,0;482588,3973;506278,6617;;
В соответствии с Общероссийским классификатором видов экономической деятельности ОК 029-2014 (КДЕС Ред.2) ОКВЭД2;;;;;;;;;;;;;;;;;;;;;;;;;;;;
"Выпуск товаров и услуг по отраслям экономики (в текущих ценах; миллионов рублей)";;;;;;;;;;;;;;;;;;;;;;;;;;;166753822,7;
Сельское, лесное хозяйство, охота, рыболовство и рыбоводство;;;;;;;;;;;;;;;;;;;;;;;;;;;7083534,6;
Добыча полезных ископаемых;;;;;;;;;;;;;;;;;;;;;;;;;;;13342929,9;
Обрабатывающие производства;;;;;;;;;;;;;;;;;;;;;;;;;;;41169158,6;
"Обеспечение электрической энергией, газом и паром; кондиционирование воздуха";;;;;;;;;;;;;;;;;;;;;;;;;;;8060396,9;
"Водоснабжение; воотведение, организация сбора и утилизации отходов, деятельность по ликвидации загрязнений";;;;;;;;;;;;;;;;;;;;;;;;;;;1024445,8;
Строительство;;;;;;;;;;;;;;;;;;;;;;;;;;;11496972,4;
"Торговля оптовая и розничная; ремонт автотранспортных средств и мотоциклов";;;;;;;;;;;;;;;;;;;;;;;;;;;21448729,3;
Транспортировка и храние;;;;;;;;;;;;;;;;;;;;;;;;;;;13012720,1;
Деятельность гостиниц и предприятий общественного питания;;;;;;;;;;;;;;;;;;;;;;;;;;;1572405,3;
Деятельность в области информации и связи;;;;;;;;;;;;;;;;;;;;;;;;;;;3844513;
Деятельность финансовая и страховая;;;;;;;;;;;;;;;;;;;;;;;;;;;5107660,8;
Деятельность по операциям с недвижимым имуществом;;;;;;;;;;;;;;;;;;;;;;;;;;;10592998,4;
Деятельность профессиональная, научная и техническая;;;;;;;;;;;;;;;;;;;;;;;;;;;6884866,2;
Деятельность административная и сопутствующие дополнительные услуги;;;;;;;;;;;;;;;;;;;;;;;;;;;2727041,3;
"Государственное управление и обеспечение военной безопасности;  социальное отрахование";;;;;;;;;;;;;;;;;;;;;;;;;;;9725727,1;
Образование;;;;;;;;;;;;;;;;;;;;;;;;;;;2622949;
Деятельность в области здравоохранения и социальных услуг;;;;;;;;;;;;;;;;;;;;;;;;;;;4537925,3;
Деятельность в области культуры, спорта, организации досуга и развлечений;;;;;;;;;;;;;;;;;;;;;;;;;;;1274470,3;
Предоставление прочих видов услуг;;;;;;;;;;;;;;;;;;;;;;;;;;;707386,9;
"Деятельность домашних хозяйств как работодателей; недифференцированная деятельность частных домашних хозяйств по производству товаров и оказанию услуг для собственного потребления ";;;;;;;;;;;;;;;;;;;;;;;;;;;516991,5;
В соответствии с Общероссийским классификатором видов экономической деятельности ОК 029-2007 (Кдес Ред.1.1) ОКВЭД;;;;;;;;;;;;;;;;;;;;;;;;;;;;
"Промежуточное потребление по видам экономической деятельности (в текущих ценах; миллионов рублей)";;;;;;;;;;;;9409204,9;11653339,2;14631855,6;18502936,2;23246522,8;29267661,3;36418959,6;34285124,3;42014537,4;48876259,9;54095939,3;59296035,2;64202725,4;71435194,3;76970344,9;;
Сельское хозяйство, охота и лесное хозяйство;;;;;;;;;;;;554341,8;615957,0;711821,1;747430,3;874823,4;1058943,2;1333000,8;1388084,8;1571666,4;1824975,0;1867727,4;2068166,1;2309534,7;2742431,3;3006639;;
Рыболовство, рыбоводство;;;;;;;;;;;;36519,2;48101,6;49079,2;66574,3;74986,2;79502,1;88790,5;98908,7;91477,6;107809,4;119546,6;124875,5;137688,0;164186,4;172245,3;;
Добыча полезных ископаемых;;;;;;;;;;;;709067,8;839875,0;892360,8;1135798,1;1132126,9;1373634,1;1688266,0;1862692,7;2139435,8;2411158,1;2784823,9;3048419,6;3318037,6;3685068,5;4008827,5;;
Обрабатывающие производства;;;;;;;;;;;;3329079,6;4402344,5;5634453,8;7222454,2;9006969,1;11506326,5;14026442,8;11863872,9;15133072,5;18118345,5;19824042,7;21602297,7;23519234,1;26225863,3;27919746,3;;
Производство и распределение электроэнергии, газа и воды;;;;;;;;;;;;589909,2;772432,1;916164,8;1126642,8;1458190,3;1765668,3;2075952,4;2338683,5;3009800,1;4129968,5;4173369,9;4679261,6;4999236,1;5024262;5474096,5;;
Строительство;;;;;;;;;;;;545421,7;758095,8;939224,1;1189016,2;1648876,8;2303578,9;3092445,2;2804855,1;3203509,5;3857266,2;4320490,6;4517346,6;4672384,4;5222478,5;5681137,9;;
"Оптовая и розничная торговля; ремонт автотранспортных средств, мотоциклов, бытовых изделий и предметов личного пользования";;;;;;;;;;;;930257,2;1030145,2;1661093,6;2044988,0;2716136,4;3395486,0;4059053,2;3762204,1;4962333,4;5121529,5;5784375,9;6512208,9;7349648,8;8344690,3;8841817;;
Гостиницы и рестораны;;;;;;;;;;;;62459,3;80427,9;107884,4;148231,9;206117,4;262056,9;350413,7;353362,3;444091,3;473169,9;576242,6;626193,3;690977,1;772374,5;799885,7;;
Транспорт и связь;;;;;;;;;;;;878352,1;977632,9;1147566,4;1550657,8;2065280,8;2347270,9;3167172,0;3160790,3;3623628,2;4448052,7;5123074,0;5516407,6;5963413,2;6870603,5;7538468,8;;
Финансовая деятельность;;;;;;;;;;;;130590,5;160826,4;218060,1;275069,5;357255,5;483174,4;665916,5;665990,2;715748,9;902311,6;1106541,3;1243338,5;1329756,4;1358884,2;1485802,8;;
Операции с недвижимым имуществом, аренда и предоставление услуг;;;;;;;;;;;;562169,4;660641,8;814123,6;1064831,4;1296680,2;1760130,3;2149090,7;2290543,4;2894756,6;3011234,9;3486497,5;4142034,8;4625696,2;5398337,6;5989156,5;;
"Государственное управление и обеспечение военной безопасности; социальное страхование";;;;;;;;;;;;614893,0;724707,2;843118,4;1029305,8;1328618,7;1563889,1;2012753,8;2039585,8;2292495,8;2291216,2;2535030,5;2764797,5;2576370,4;2645852;2936916,5;;
Образование;;;;;;;;;;;;108849,1;140311,9;161935,6;212323,6;266775,5;348979,5;428303,1;400135,1;457426,1;512086,6;468439,6;487109,9;470708,0;477451,1;467713,5;;
Здравоохранение и предоставление социальных услуг;;;;;;;;;;;;220706,2;253616,5;318879,2;430375,8;496795,0;608740,2;781317,8;797243,8;894196,7;1043633,4;1221968,3;1203481,1;1372213,8;1548481,2;1579111,5;;
Предоставление прочих коммунальных, социальных и персональных услуг;;;;;;;;;;;;136588,8;188223,4;216090,5;259236,7;316890,5;410280,7;500041,2;458171,5;580872,5;623502,3;703768,5;760096,4;867826,5;954229,9;1068780,2;;
Деятельность домашних хозяйств;;;;;;;;;;;;;;;;;;;;25,9;0,0;0,0;0,0;0,0;0,0;0,0;;
В соответствии с Общероссийским классификатором видов экономической деятельности ОК 029-2014 (КДЕС Ред.2) ОКВЭД2;;;;;;;;;;;;;;;;;;;;;;;;;;;;
"Промежуточное потребление по отраслям экономики (в текущих ценах; миллионов рублей)";;;;;;;;;;;;;;;;;;;;;;;;;;;83694713,7;
Сельское, лесное хозяйство, охота, рыболовство и рыбоводство;;;;;;;;;;;;;;;;;;;;;;;;;;;3388841,8;
Добыча полезных ископаемых;;;;;;;;;;;;;;;;;;;;;;;;;;;4736502,8;
Обрабатывающие производства;;;;;;;;;;;;;;;;;;;;;;;;;;;30199946,2;
"Обеспечение электрической энергией, газом и паром; кондиционирование воздуха";;;;;;;;;;;;;;;;;;;;;;;;;;;5681259,3;
"Водоснабжение; воотведение, организация сбора и утилизации отходов, деятельность по ликвидации загрязнений";;;;;;;;;;;;;;;;;;;;;;;;;;;611605,7;
Строительство;;;;;;;;;;;;;;;;;;;;;;;;;;;6210414,9;
"Торговля оптовая и розничная; ремонт автотранспортных средств и мотоциклов";;;;;;;;;;;;;;;;;;;;;;;;;;;9464279,2;
Транспортировка и храние;;;;;;;;;;;;;;;;;;;;;;;;;;;7191825,5;
Деятельность гостиниц и предприятий общественного питания;;;;;;;;;;;;;;;;;;;;;;;;;;;835932,2;
Деятельность в области информации и связи;;;;;;;;;;;;;;;;;;;;;;;;;;;1881769,8;
Деятельность финансовая и страховая;;;;;;;;;;;;;;;;;;;;;;;;;;;1599866,1;
Деятельность по операциям с недвижимым имуществом;;;;;;;;;;;;;;;;;;;;;;;;;;;2408781,1;
Деятельность профессиональная, научная и техническая;;;;;;;;;;;;;;;;;;;;;;;;;;;2901125,3;
Деятельность административная и сопутствующие дополнительные услуги;;;;;;;;;;;;;;;;;;;;;;;;;;;621010;
"Государственное управление и обеспечение военной безопасности;  социальное отрахование";;;;;;;;;;;;;;;;;;;;;;;;;;;3193709,1;
Образование;;;;;;;;;;;;;;;;;;;;;;;;;;;479022,7;
Деятельность в области здравоохранения и социальных услуг;;;;;;;;;;;;;;;;;;;;;;;;;;;1483429,1;
Деятельность в области культуры, спорта, организации досуга и развлечений;;;;;;;;;;;;;;;;;;;;;;;;;;;504721,5;
Предоставление прочих видов услуг;;;;;;;;;;;;;;;;;;;;;;;;;;;300671,5;
"Деятельность домашних хозяйств как работодателей; недифференцированная деятельность частных домашних хозяйств по производству товаров и оказанию услуг для собственного потребления ";;;;;;;;;;;;;;;;;;;;;;;;;;;0,0;
"Валовый внутренний продукт и валовая добавленная стоимость по видам экономической деятельности (в текущих ценах; миллионов рублей)";;;;;;;;;;;;;;;;;;;;;;;;;;;;
В соответствии с Общероссийским классификатором видов экономической деятельности ОК 029-2007 (Кдес Ред.1.1) ОКВЭД;;;;;;;;;;;;;;;;;;;;;;;;;;;;
Валовый внутренний продукт в рыночных ценах;;;;;;;;;;;;10830535,1;13208233,8;17027190,9;21609765,5;26917201,4;33247513,2;41276849,2;38807218,6;46308541,2;60282540,5;68163883,1;73133895,1;79199658,5;83387191,7;86148565,62;;
   в том числе:;;;;;;;;;;;;;;;;;;;;;;;;;;;;
   Валовая добавленная стоимость                                                                                                                 ;;;;;;;;;;;;;;;;;;;;;;;;;;;;
   в основных ценах;;;;;;;;;;;;9581293,7;11619750,3;14858767,0;18517665,8;22977343,7;28484471,2;35182698,3;33831323,8;40040077,5;52084130,9;58996233,2;63869449,9;68907512,5;74920853,7;77607638,3;;
Сельское хозяйство, охота и лесное хозяйство;;;;;;;;;;;;573759,0;667431,3;773360,2;864182,9;981285,0;1194778,7;1486574,6;1504421,2;1451533,0;1944485,4;2073490,0;2193393,6;2665880,2;3241484,7;3380271,3;;
Рыболовство, рыбоводство;;;;;;;;;;;;29035,6;59410,7;61728,5;55510,5;58072,3;61612,2;62686,4;80639,8;96977,5;96548,3;107833,8;118038,7;136243,7;200401,6;223633,9;;
Добыча полезных ископаемых;;;;;;;;;;;;638429,9;769800,6;1411646,9;2064287,3;2509445,8;2865527,8;3284626,2;2885404,4;3842812,3;4949964,4;5568032,2;5919539,0;6241530,9;7293647,7;7386956,5;;
Обрабатывающие производства;;;;;;;;;;;;1645526,0;1897671,2;2590943,7;3388459,6;4115970,5;5025239,4;6163935,8;5005344,0;5934657,4;6978711,9;8042678,7;8279439,2;9184475,0;10546877,5;10422739,8;;
Производство и распределение электроэнергии, газа и воды;;;;;;;;;;;;349452,9;414074,4;548339,3;608407,7;726981,6;855885,0;1033967,4;1388737,4;1527088,2;1746189,1;1807227,4;1953774,7;1992546,3;2244008,4;2415705,5;;
Строительство;;;;;;;;;;;;513543,8;703026,9;847068,0;989945,9;1201958,8;1633900,0;2225325,3;2101483,6;2587813,8;3962931,4;4524282,9;4474814,6;4681477,4;4744022;4928741;;
"Оптовая и розничная торговля; ремонт автотранспортных средств, мотоциклов, бытовых изделий и предметов личного пользования";;;;;;;;;;;;2192637,2;2572220,8;3012190,3;3610458,8;4673587,1;5744982,7;7137727,6;6060515,7;8020973,1;9078875,8;9904665,2;10341930,4;11171558,8;11852942,2;11344985,3;;
Гостиницы и рестораны;;;;;;;;;;;;88014,9;93880,4;139863,8;167792,0;206723,7;286295,3;357969,4;343665,5;403275,9;467347,7;531702,7;555096,8;603451,2;665941,6;699445,5;;
Транспорт и связь;;;;;;;;;;;;978684,7;1244179,9;1642431,2;1897007,0;2247596,2;2750889,4;3258280,4;3249641,5;3662464,2;3951632,1;4483152,4;5141471,3;5393953,2;6033204,3;6384844,8;;
Финансовая деятельность;;;;;;;;;;;;280305,8;388011,7;474141,7;701152,5;977167,7;1253760,0;1537849,7;1707153,1;1773509,4;1942988,5;2408449,8;2843230,3;3148074,5;2586449,1;3286882,5;;
Операции с недвижимым имуществом, аренда и предоставление услуг;;;;;;;;;;;;1019756,2;1246748,8;1408026,3;1828781,6;2287577,6;3102833,0;3959385,1;4220603,0;4901519,6;9008913,2;10194850,4;11384161,7;12093282,6;13244846,7;14118341,5;;
"Государственное управление и обеспечение военной безопасности; социальное страхование";;;;;;;;;;;;488727,7;651288,8;802513,8;959089,9;1189163,1;1466357,0;1884401,2;2203213,3;2423548,6;3631807,6;4555153,6;5201331,2;5533093,3;5819068,8;6304134,2;;
Образование;;;;;;;;;;;;279973,0;317927,7;400122,4;493205,6;619292,8;769859,3;970664,4;1134212,2;1225967,2;1401247,0;1543684,8;1717156,4;1842898,5;1904542,3;1964979,5;;
Здравоохранение и предоставление социальных услуг;;;;;;;;;;;;321453,0;375869,8;472581,2;564654,7;765453,1;950478,7;1197843,0;1360339,1;1487303,4;1761809,4;1960022,9;2303021,4;2665324,2;2782100,6;2898801,2;;
Предоставление прочих коммунальных, социальных и персональных услуг;;;;;;;;;;;;181993,8;218207,3;273809,7;324729,5;417068,4;522072,8;621461,7;585950,1;700587,3;822106,0;915157,2;1036957,6;1117645,7;1278727,8;1340897,1;;
Деятельность домашних хозяйств;;;;;;;;;;;;;;;;;;;;46,6;338573,0;375849,0;406093,2;436077,0;482588,4;506278,7;;
Налоги на продукты;;;;;;;;;;;;1415153,1;1775123,2;2352124,6;3248224,8;4090102,5;4977558,7;6323848,4;5202132,9;6462567,9;8413321,9;9411798,2;9510857,9;10550847,9;8738499,6;8817205,9;;
Субсидии на продукты (-);;;;;;;;;;;;165911,6;186639,7;183700,7;156125,1;150244,8;214516,7;229697,6;226238,1;194104,2;214912,3;244148,3;246412,7;258701849,0;272161,6;276278,7;;
В соответствии с Общероссийским классификатором видов экономической деятельности ОК 029-2014 (КДЕС Ред.2) ОКВЭД2;;;;;;;;;;;;;;;;;;;;;;;;;;;;
Валовый внутренний продукт в рыночных ценах;;;;;;;;;;;;;;;;;;;;;;;;;;;92037175,7;
   в том числе:;;;;;;;;;;;;;;;;;;;;;;;;;;;;
   Валовая добавленная стоимость                                                                                                                 ;;;;;;;;;;;;;;;;;;;;;;;;;;;;
   в основных ценах;;;;;;;;;;;;;;;;;;;;;;;;;;;83059109,0;
Сельское, лесное хозяйство, охота, рыболовство и рыбоводство;;;;;;;;;;;;;;;;;;;;;;;;;;;3694692,8;
Добыча полезных ископаемых;;;;;;;;;;;;;;;;;;;;;;;;;;;8606427,1;
Обрабатывающие производства;;;;;;;;;;;;;;;;;;;;;;;;;;;10969212,4;
"Обеспечение электрической энергией, газом и паром; кондиционирование воздуха";;;;;;;;;;;;;;;;;;;;;;;;;;;2379137,6;
"Водоснабжение; воотведение, организация сбора и утилизации отходов, деятельность по ликвидации загрязнений";;;;;;;;;;;;;;;;;;;;;;;;;;;412840,1;
Строительство;;;;;;;;;;;;;;;;;;;;;;;;;;;5286557,5;
"Торговля оптовая и розничная; ремонт автотранспортных средств и мотоциклов";;;;;;;;;;;;;;;;;;;;;;;;;;;11984450,1;
Транспортировка и храние;;;;;;;;;;;;;;;;;;;;;;;;;;;5820894,6;
Деятельность гостиниц и предприятий общественного питания;;;;;;;;;;;;;;;;;;;;;;;;;;;736473,1;
Деятельность в области информации и связи;;;;;;;;;;;;;;;;;;;;;;;;;;;1962743,2;
Деятельность финансовая и страховая;;;;;;;;;;;;;;;;;;;;;;;;;;;3507794,7;
Деятельность по операциям с недвижимым имуществом;;;;;;;;;;;;;;;;;;;;;;;;;;;8184217,3;
Деятельность профессиональная, научная и техническая;;;;;;;;;;;;;;;;;;;;;;;;;;;3983740,9;
Деятельность административная и сопутствующие дополнительные услуги;;;;;;;;;;;;;;;;;;;;;;;;;;;2106031,3;
"Государственное управление и обеспечение военной безопасности;  социальное отрахование";;;;;;;;;;;;;;;;;;;;;;;;;;;6532018,0;
Образование;;;;;;;;;;;;;;;;;;;;;;;;;;;2143926,3;
Деятельность в области здравоохранения и социальных услуг;;;;;;;;;;;;;;;;;;;;;;;;;;;3054496,2;
Деятельность в области культуры, спорта, организации досуга и развлечений;;;;;;;;;;;;;;;;;;;;;;;;;;;769748,8;
Предоставление прочих видов услуг;;;;;;;;;;;;;;;;;;;;;;;;;;;406715,4;
"Деятельность домашних хозяйств как работодателей; недифференцированная деятельность частных домашних хозяйств по производству товаров и оказанию услуг для собственного потребления ";;;;;;;;;;;;;;;;;;;;;;;;;;;516991,5;
Налоги на продукты;;;;;;;;;;;;;;;;;;;;;;;;;;;9264512,4;
Субсидии на продукты (-);;;;;;;;;;;;;;;;;;;;;;;;;;;286445,7;
Индексы физического объема выпуска товаров и услуг по видам экономической деятельности (в процентах к предыдущему году);;;;;;;;;;;;;;;;;;;;;;;;;;;;
В соответствии с Общероссийским классификатором видов экономической деятельности ОК 029-2007 (Кдес Ред.1.1) ОКВЭД;;;;;;;;;;;;;;;;;;;;;;;;;;;;
Сельское хозяйство, охота и лесное хозяйство;;;;;;;;;;;;;101,4;102,6;100,6;104,1;102,3;108,8;100,9;91,2;…;96,2;105,0;103,5;103,9;104,5;;
Рыболовство, рыбоводство;;;;;;;;;;;;;105,0;100,2;106,5;104,8;102,9;94,1;106,2;91,8;…;104,1;104,9;95,7;101,8;97,6;;
Добыча полезных ископаемых;;;;;;;;;;;;;109,2;108,0;101,7;96,4;97,3;101,2;98,2;106,5;…;102,5;101,4;103,0;100,2;102,7;;
Обрабатывающие производства;;;;;;;;;;;;;108,1;109,7;104,6;107,8;109,0;99,7;86,1;108,6;…;104,6;101,1;100,5;96,0;100,5;;
Производство и распределение электроэнергии, газа и воды;;;;;;;;;;;;;103,5;102,0;101,2;106,0;98,0;100,1;98,3;103,9;…;100,7;97,6;100,1;98,3;101,8;;
Строительство;;;;;;;;;;;;;113,9;109,9;110,4;118,2;116,0;113,6;87,7;104,8;…;101,8;100,1;97,5;101,5;101,3;;
"Оптовая и розничная торговля; ремонт автотранспортных средств, мотоциклов, бытовых изделий и предметов личного пользования";;;;;;;;;;;;;111,3;112,7;109,7;115,7;112,2;110,1;95,4;105,8;…;104,8;101,4;101,4;94,8;95,8;;
Гостиницы и рестораны;;;;;;;;;;;;;103,9;106,1;112,9;110,5;115,3;111,1;86,5;104,6;…;107,3;102,4;101,0;100,1;95,6;;
Транспорт и связь;;;;;;;;;;;;;107,9;110,7;107,0;113,3;106,2;106,6;91,7;105,6;…;104,9;101,3;100,9;99,6;100,6;;
Финансовая деятельность;;;;;;;;;;;;;123,3;115,7;120,5;125,0;124,8;113,7;98,4;101,8;…;118,7;109,9;102,7;92,5;106,4;;
Операции с недвижимым имуществом, аренда и предоставление услуг;;;;;;;;;;;;;104,5;101,7;111,5;109,1;121,0;110,2;95,2;108,4;…;104,2;107,2;102,0;101,7;102,0;;
"Государственное управление и обеспечение военной безопасности; социальное страхование";;;;;;;;;;;;;103,1;103,6;97,4;102,8;103,7;102,8;99,2;99,8;…;104,9;102,4;96,0;95,4;102,4;;
Образование;;;;;;;;;;;;;102,6;100,4;100,5;100,6;101,2;100,0;98,6;98,2;…;96,5;96,8;101,1;98,9;99,2;;
Здравоохранение и предоставление социальных услуг;;;;;;;;;;;;;100,3;101,0;101,3;101,4;101,3;101,0;99,7;100,6;…;101,8;100,7;103,2;100,6;98,2;;
Предоставление прочих коммунальных, социальных и персональных услуг;;;;;;;;;;;;;103,2;111,7;101,1;107,7;108,8;102,8;81,5;103,6;…;102,8;100,4;100,9;103,4;101,1;;
Деятельность домашних хозяйств;;;;;;;;;;;;;;;;;;;;;…;104,7;101,8;101,5;99,0;98,0;;
Итого в основных ценах;;;;;;;;;;;;;107,6;108,0;105,7;108,9;108,8;105,0;92,6;105,0;…;103,9;102,1;100,8;98,2;100,6;;
В соответствии с Общероссийским классификатором видов экономической деятельности ОК 029-2014 (КДЕС Ред.2) ОКВЭД2;;;;;;;;;;;;;;;;;;;;;;;;;;;;
Сельское, лесное хозяйство, охота, рыболовство и рыбоводство;;;;;;;;;;;;;;;;;;;;;;;;;;;102,9;
Добыча полезных ископаемых;;;;;;;;;;;;;;;;;;;;;;;;;;;102,1;
Обрабатывающие производства;;;;;;;;;;;;;;;;;;;;;;;;;;;101,2;
"Обеспечение электрической энергией, газом и паром; кондиционирование воздуха";;;;;;;;;;;;;;;;;;;;;;;;;;;100,1;
"Водоснабжение; воотведение, организация сбора и утилизации отходов, деятельность по ликвидации загрязнений";;;;;;;;;;;;;;;;;;;;;;;;;;;101,7;
Строительство;;;;;;;;;;;;;;;;;;;;;;;;;;;102,3;
"Торговля оптовая и розничная; ремонт автотранспортных средств и мотоциклов";;;;;;;;;;;;;;;;;;;;;;;;;;;103,3;
Транспортировка и храние;;;;;;;;;;;;;;;;;;;;;;;;;;;104,7;
Деятельность гостиниц и предприятий общественного питания;;;;;;;;;;;;;;;;;;;;;;;;;;;101,4;
Деятельность в области информации и связи;;;;;;;;;;;;;;;;;;;;;;;;;;;103,6;
Деятельность финансовая и страховая;;;;;;;;;;;;;;;;;;;;;;;;;;;102,9;
Деятельность по операциям с недвижимым имуществом;;;;;;;;;;;;;;;;;;;;;;;;;;;101,9;
Деятельность профессиональная, научная и техническая;;;;;;;;;;;;;;;;;;;;;;;;;;;100,5;
Деятельность административная и сопутствующие дополнительные услуги;;;;;;;;;;;;;;;;;;;;;;;;;;;103,4;
"Государственное управление и обеспечение военной безопасности;  социальное отрахование";;;;;;;;;;;;;;;;;;;;;;;;;;;102,1;
Образование;;;;;;;;;;;;;;;;;;;;;;;;;;;98,5;
Деятельность в области здравоохранения и социальных услуг;;;;;;;;;;;;;;;;;;;;;;;;;;;97,6;
Деятельность в области культуры, спорта, организации досуга и развлечений;;;;;;;;;;;;;;;;;;;;;;;;;;;107,2;
Предоставление прочих видов услуг;;;;;;;;;;;;;;;;;;;;;;;;;;;100,1;
"Деятельность домашних хозяйств как работодателей; недифференцированная деятельность частных домашних хозяйств по производству товаров и оказанию услуг для собственного потребления ";;;;;;;;;;;;;;;;;;;;;;;;;;;98,0;
Итого в основных ценах;;;;;;;;;;;;;;;;;;;;;;;;;;;102,0;
Индексы физического объема валового внутреннего продукта и валовой добавленной стоимости по видам экономической деятельности (в процентах к предыдущему году);;;;;;;;;;;;;;;;;;;;;;;;;;;;
В соответствии с Общероссийским классификатором видов экономической деятельности  ОК 029-2007 (Кдес Ред.1.1) ОКВЭД;;;;;;;;;;;;;;;;;;;;;;;;;;;;
Валовый внутренний продукт в рыночных ценах;;;;;;;;;;;;;107,3;107,2;106,4;108,2;108,5;105,2;92,2;104,5;…;103,7;101,8;100,7;97,5;99,8;;
   в том числе:;;;;;;;;;;;;;;;;;;;;;;;;;;;;
   Валовая добавленная стоимость                                                                                                                 ;;;;;;;;;;;;;;;;;;;;;;;;;;;;
   в основных ценах;;;;;;;;;;;;;107,5;106,6;106,0;107,9;108,4;105,2;93,3;104,1;…;103,7;101,8;100,9;98,1;100,0;;
       в том числе:;;;;;;;;;;;;;;;;;;;;;;;;;;;;
Сельское хозяйство, охота и лесное хозяйство;;;;;;;;;;;;;98,2;101,0;100,3;102,7;101,3;106,4;101,5;87,9;…;98,4;104,5;102,0;102,6;103,2;;
Рыболовство, рыбоводство;;;;;;;;;;;;;101,7;102,5;89,1;104,0;99,1;94,2;105,6;90,9;…;107,7;105,0;93,5;101,2;97,2;;
Добыча полезных ископаемых;;;;;;;;;;;;;110,8;113,3;101,5;97,1;97,8;101,0;97,6;106,6;…;102,0;100,1;102,0;100,1;102,3;;
Обрабатывающие производства;;;;;;;;;;;;;108,8;108,1;104,4;106,6;107,5;97,9;85,4;108,6;…;104,6;100,7;100,8;95,5;99,6;;
Производство и распределение электроэнергии, газа и воды;;;;;;;;;;;;;100,9;107,9;100,9;104,5;96,6;100,7;95,3;104,0;…;100,5;97,7;99,4;98,4;101,0;;
Строительство;;;;;;;;;;;;;112,7;109,9;110,2;112,8;113,0;111,1;85,3;104,4;…;103,8;98,5;97,2;97,8;99,2;;
"Оптовая и розничная торговля; ремонт автотранспортных средств, мотоциклов, бытовых изделий и предметов личного пользования";;;;;;;;;;;;;113,3;110,2;109,1;114,1;111,7;109,9;94,2;105,8;…;103,4;100,0;100,7;93,0;94,4;;
Гостиницы и рестораны;;;;;;;;;;;;;101,6;105,7;109,3;107,9;113,6;110,1;85,1;106,5;…;104,8;101,9;99,4;97,6;95,5;;
Транспорт и связь;;;;;;;;;;;;;107,2;105,9;105,9;109,7;104,8;105,2;91,4;105,5;…;104,0;99,8;99,8;97,3;99,6;;
Финансовая деятельность;;;;;;;;;;;;;129,0;114,7;129,2;125,4;129,1;113,5;101,5;100,3;…;119,6;112,5;105,4;93,7;107,2;;
Операции с недвижимым имуществом, аренда и предоставление услуг;;;;;;;;;;;;;102,8;96,4;112,0;110,0;120,8;110,9;95,5;106,0;…;103,3;106,3;101,4;101,4;101,4;;
"Государственное управление и обеспечение военной безопасности; социальное страхование";;;;;;;;;;;;;101,3;104,6;94,6;102,5;103,9;103,0;99,9;99,7;…;104,7;102,6;101,0;100,9;102,9;;
Образование;;;;;;;;;;;;;101,2;100,3;100,3;100,5;101,1;99,9;98,6;98,2;…;97,0;96,6;100,4;99,3;99,0;;
Здравоохранение и предоставление социальных услуг;;;;;;;;;;;;;96,8;101,0;101,7;101,4;101,1;100,9;99,8;100,3;…;102,6;100,6;102,7;100,7;98,8;;
Предоставление прочих коммунальных, социальных и персональных услуг;;;;;;;;;;;;;100,8;106,3;102,9;107,5;108,6;101,4;80,0;102,2;…;100,8;99,9;99,8;104,0;99,9;;
Деятельность домашних хозяйств;;;;;;;;;;;;;;;;;;;;;…;104,7;101,8;101,5;99,0;98,0;;
Налоги на продукты;;;;;;;;;;;;;105,2;109,9;107,0;108,8;109,1;105,1;86,3;106,1;…;103,5;101,4;99,6;93,6;98,7;;
Субсидии на продукты (-);;;;;;;;;;;;;99,7;97,5;83,0;95,0;109,0;98,0;86,3;79,6;…;103,1;98,0;98,0;101,0;100,0;;
В соответствии с Общероссийским классификатором видов экономической деятельности ОК 029-2014 (КДЕС Ред.2) ОКВЭД2;;;;;;;;;;;;;;;;;;;;;;;;;;;;
Валовый внутренний продукт в рыночных ценах;;;;;;;;;;;;;;;;;;;;;;;;;;;101,5;
   в том числе:;;;;;;;;;;;;;;;;;;;;;;;;;;;;
Валовая добавленная стоимость в основных ценах                                                                                                             ;;;;;;;;;;;;;;;;;;;;;;;;;;;101,6;
 в том числе:;;;;;;;;;;;;;;;;;;;;;;;;;;;;
Сельское, лесное хозяйство, охота, рыболовство и рыбоводство;;;;;;;;;;;;;;;;;;;;;;;;;;;101,2;
Добыча полезных ископаемых;;;;;;;;;;;;;;;;;;;;;;;;;;;101,4;
Обрабатывающие производства;;;;;;;;;;;;;;;;;;;;;;;;;;;100,1;
"Обеспечение электрической энергией, газом и паром; кондиционирование воздуха";;;;;;;;;;;;;;;;;;;;;;;;;;;100,2;
"Водоснабжение; воотведение, организация сбора и утилизации отходов, деятельность по ликвидации загрязнений";;;;;;;;;;;;;;;;;;;;;;;;;;;100,0;
Строительство;;;;;;;;;;;;;;;;;;;;;;;;;;;100,5;
"Торговля оптовая и розничная; ремонт автотранспортных средств и мотоциклов";;;;;;;;;;;;;;;;;;;;;;;;;;;103,3;
Транспортировка и храние;;;;;;;;;;;;;;;;;;;;;;;;;;;103,6;
Деятельность гостиниц и предприятий общественного питания;;;;;;;;;;;;;;;;;;;;;;;;;;;102,1;
Деятельность в области информации и связи;;;;;;;;;;;;;;;;;;;;;;;;;;;103,7;
Деятельность финансовая и страховая;;;;;;;;;;;;;;;;;;;;;;;;;;;101,5;
Деятельность по операциям с недвижимым имуществом;;;;;;;;;;;;;;;;;;;;;;;;;;;102,4;
Деятельность профессиональная, научная и техническая;;;;;;;;;;;;;;;;;;;;;;;;;;;100,6;
Деятельность административная и сопутствующие дополнительные услуги;;;;;;;;;;;;;;;;;;;;;;;;;;;102,6;
"Государственное управление и обеспечение военной безопасности;  социальное отрахование";;;;;;;;;;;;;;;;;;;;;;;;;;;101,0;
Образование;;;;;;;;;;;;;;;;;;;;;;;;;;;99,9;
Деятельность в области здравоохранения и социальных услуг;;;;;;;;;;;;;;;;;;;;;;;;;;;100,5;
Деятельность в области культуры, спорта, организации досуга и развлечений;;;;;;;;;;;;;;;;;;;;;;;;;;;101,9;
Предоставление прочих видов услуг;;;;;;;;;;;;;;;;;;;;;;;;;;;99,9;
"Деятельность домашних хозяйств как работодателей; недифференцированная деятельность частных домашних хозяйств по производству товаров и оказанию услуг для собственного потребления ";;;;;;;;;;;;;;;;;;;;;;;;;;;98,0;
Налоги на продукты;;;;;;;;;;;;;;;;;;;;;;;;;;;101,3;
Субсидии на продукты (-);;;;;;;;;;;;;;;;;;;;;;;;;;;100,0;
"Выпуск товаров и услуг по видам экономической деятельности и секторам (в текущих ценах; миллионов рублей)";;;;;;;;;;;;;;;;;;;;;;;;;;;;
В соответствии с Общероссийским классификатором видов экономической деятельности  ОК 029-2007 (Кдес Ред.1.1) ОКВЭД;;;;;;;;;;;;;;;;;;;;;;;;;;;;
"Сектор ""Нефинансовые корпорации""";;;;;;;;;;;;;;;;;;;;;;;;;;;;
Сельское хозяйство, охота и лесное хозяйство;;;;;;;;;;;;561011,7;686426,4;844073,6;902472,5;1067759,3;1352945,6;1692210,6;1634611,4;1541304,8;2002846,4;2151130,5;2276965,7;2733851,0;3402239,5;3696485,0;;
Рыболовство, рыбоводство;;;;;;;;;;;;54960,0;93524,2;100062,8;106776,9;118017,4;125679,0;133281,6;154876,3;162898,4;175915,1;193855,3;207321,5;235414,7;320878,7;352653,9;;
Добыча полезных ископаемых;;;;;;;;;;;;1345537,4;1606998,8;2303623,7;3199295,0;3640374,7;4237414,2;4972580,3;4747876,0;5981807,0;7360635,2;8352268,6;8967587,3;9559160,7;10977732,7;11394743,2;;
Обрабатывающие производства;;;;;;;;;;;;4808337,0;6132477,2;8072734,9;10378464,1;12860738,8;16166316,1;19783779,6;16551932,1;20674605,9;24465239,8;27117115,1;29048203,2;31823572,3;35716969,9;37266051,0;;
Производство и распределение электроэнергии, газа и воды;;;;;;;;;;;;939362,2;1186506,5;1461017,1;1733552,6;2183815,2;2620540,4;3108832,9;3726488,3;4535512,6;5874739,5;5975532,4;6628383,5;6986750,6;7263369,8;7884249,0;;
Строительство;;;;;;;;;;;;968341,5;1340281,5;1652159,0;2017933,0;2649323,5;3655898,5;4965088,3;4553707,0;5346866,7;7331164,9;8314134,2;8410229,3;8671849,6;9157544,4;9774395,3;;
"Оптовая и розничная торговля; ремонт автотранспортных средств, мотоциклов, бытовых изделий и предметов личного пользования";;;;;;;;;;;;2473947,1;2845656,3;3714544,6;4474502,2;5883767,1;7421106,1;9480198,3;7946237,2;10886971,0;11716034,8;12866559,9;13838737,8;15562101,1;17304627,7;17350507,3;;
Гостиницы и рестораны;;;;;;;;;;;;117572,6;137543,7;195153,4;227081,7;277955,2;374365,4;493674,4;481078,9;620102,3;672222,3;780611,8;825682,6;908057,7;1026867,2;1075668,8;;
Транспорт и связь;;;;;;;;;;;;1795693,2;2138458,9;2669860,0;3266154,4;4059091,6;4799472,0;6026424,8;6003378,7;6748644,6;7876090,2;8964443,4;9982816,0;10538754,1;11979464,3;12942836,9;;
Финансовая деятельность;;;;;;;;;;;;1918,6;17,4;-;-;-;-;-;-;-;-;-;-;-;-;-;;
Операции с недвижимым имуществом, аренда и предоставление услуг;;;;;;;;;;;;1362033,7;1643563,3;1751404,0;2291731,6;2824295,3;3949054,2;5064792,3;5399682,5;6174091,6;6803941,3;7565377,5;8960889,6;9988592,4;11249366,8;12332670,2;;
"Государственное управление и обеспечение военной безопасности; социальное страхование";;;;;;;;;;;;16075,2;21988,8;-;-;-;-;-;-;-;-;-;-;-;-;-;;
Образование;;;;;;;;;;;;63072,8;80993,7;99747,2;123936,7;156605,1;193146,8;242293,9;259194,5;188749,9;149905,2;177674,9;156845,9;166292,7;149576,1;177402,1;;
Здравоохранение и предоставление социальных услуг;;;;;;;;;;;;97767,8;115658,6;150787,7;183448,4;219973,4;260688,8;322367,7;365702,6;350366,6;365146,0;366225,3;382717,0;465784,3;594566,8;588198,9;;
Предоставление прочих коммунальных, социальных и персональных услуг;;;;;;;;;;;;163855,5;216618,0;288475,3;343309,7;444936,7;568650,8;667792,1;599292,9;710034,1;766282,7;771569,4;883088,3;947674,2;1052828,7;1170085,7;;
Деятельность домашних хозяйств;;;;;;;;;;;;;;;;;;;;-;-;-;-;-;-;-;;
Итого в основных ценах;;;;;;;;;;;;14769486,3;18246713,4;23303643,1;29248658,9;36386653,3;45725277,8;56953316,8;52424058,4;63921955,5;75560163,5;83596498,4;90569467,7;98587855,4;110196032,4;116005947,4;;
"Сектор ""Финансовые корпорации""";;;;;;;;;;;;;;;;;;;;;;;;;;;;
Сельское хозяйство, охота и лесное хозяйство;;;;;;;;;;;;-;-;-;-;-;-;-;-;-;-;-;-;-;-;;;
Рыболовство, рыбоводство;;;;;;;;;;;;-;-;-;-;-;-;-;-;-;-;-;-;-;-;;;
Добыча полезных ископаемых;;;;;;;;;;;;-;-;-;-;-;-;-;-;-;-;-;-;-;-;;;
Обрабатывающие производства;;;;;;;;;;;;-;-;-;-;-;-;-;-;-;-;-;-;-;-;;;
Производство и распределение электроэнергии, газа и воды;;;;;;;;;;;;-;-;-;-;-;-;-;-;-;-;-;-;-;-;;;
Строительство;;;;;;;;;;;;-;-;-;-;-;-;-;-;-;-;-;-;-;-;;;
"Оптовая и розничная торговля; ремонт автотранспортных средств, мотоциклов, бытовых изделий и предметов личного пользования";;;;;;;;;;;;-;-;-;-;-;-;-;-;-;-;-;-;-;-;;;
Гостиницы и рестораны;;;;;;;;;;;;-;-;-;-;-;-;-;-;-;-;-;-;-;-;;;
Транспорт и связь;;;;;;;;;;;;-;-;-;-;-;-;-;-;-;-;-;-;-;-;;;
Финансовая деятельность;;;;;;;;;;;;408977,8;548820,7;692201,8;976222,0;1334423,2;1736934,4;2203766,2;2373143,3;2465090,6;2820442,1;3488071,0;4042364,7;4431937,1;3900652,4;4719001,1;;
Операции с недвижимым имуществом, аренда и предоставление услуг;;;;;;;;;;;;1374,9;-;-;-;-;-;-;-;-;-;-;-;-;-;;;
"Государственное управление и обеспечение военной безопасности; социальное страхование";;;;;;;;;;;;-;-;-;-;-;-;-;-;-;-;-;-;-;-;;;
Образование;;;;;;;;;;;;-;-;-;-;-;-;-;-;-;-;-;-;-;-;;;
Здравоохранение и предоставление социальных услуг;;;;;;;;;;;;-;-;-;-;-;-;-;-;-;-;-;-;-;-;;;
Предоставление прочих коммунальных, социальных и персональных услуг;;;;;;;;;;;;-;-;-;-;-;-;-;-;-;-;-;-;-;-;;;
Деятельность домашних хозяйств;;;;;;;;;;;;;;;;;;;;-;-;-;-;-;-;;;
Итого в основных ценах;;;;;;;;;;;;410352,7;548820,7;692201,8;976222,0;1334423,2;1736934,4;2203766,2;2373143,3;2465090,6;2820442,1;3488071,0;4042364,7;4431937,1;3900652,4;4719001,1;;
"Сектор ""Государственное управление""";;;;;;;;;;;;;;;;;;;;;;;;;;;;
Сельское хозяйство, охота и лесное хозяйство;;;;;;;;;;;;20109,8;24031,2;29485,7;16480,0;18180,4;22616,1;24480,8;31802,4;27974,0;31427,1;35541,7;37984,3;43561,1;43831,1;43551,6;;
Рыболовство, рыбоводство;;;;;;;;;;;;2593,5;2630,5;3101,8;1909,1;1542,0;1491,3;1841,6;2426,3;4896,0;6835,5;11414,6;12069,0;12460,0;12287,6;10956,0;;
Добыча полезных ископаемых;;;;;;;;;;;;-;-;-;-;-;-;-;0,0;-;-;-;-;-;-;-;;
Обрабатывающие производства;;;;;;;;;;;;…;…;…;1863,8;2955,7;6510,7;8118,9;8382,3;8530,3;9664,8;32302,3;31590,5;31860,2;30139,9;33530,8;;
Производство и распределение электроэнергии, газа и воды;;;;;;;;;;;;-;-;-;-;-;-;-;-;-;-;3084,2;2671,6;2962,9;2364,6;2919,8;;
Строительство;;;;;;;;;;;;6433,7;8037,0;7461,8;6545,3;9208,2;13442,0;12446,3;11021,4;13287,7;11016,9;13396,1;13697,0;0,0;0,0;0,0;;
"Оптовая и розничная торговля; ремонт автотранспортных средств, мотоциклов, бытовых изделий и предметов личного пользования";;;;;;;;;;;;-;-;-;-;-;-;-;-;-;-;-;-;-;-;-;;
Гостиницы и рестораны;;;;;;;;;;;;-;-;-;-;-;-;-;-;4575;5398,4;28817,5;29476,1;34164,3;29490,9;33889,6;;
Транспорт и связь;;;;;;;;;;;;…;…;…;34057,7;47778,8;50857,5;76005,5;84969,7;96500,6;19311,9;28255,1;36389,2;64398,5;67038,9;50602,3;;
Финансовая деятельность;;;;;;;;;;;;-;-;-;-;-;-;-;-;-;-;-;-;-;-;-;;
Операции с недвижимым имуществом, аренда и предоставление услуг;;;;;;;;;;;;75594,4;98245,3;113906,4;113160,6;143169,0;159150,6;186812,5;198735,3;275979,9;545253,8;671632,6;754194,4;803479,9;870574,9;886632,7;;
"Государственное управление и обеспечение военной безопасности; социальное страхование";;;;;;;;;;;;1087545,5;1354007,2;1645632,2;1988395,7;2517781,8;3030246,1;3897155,0;4242799,1;4716044,4;5923023,9;7090184,0;7966128,7;8109463,6;8464920,8;9241050,7;;
Образование;;;;;;;;;;;;304606,4;351514,8;437456,8;551609,9;694775,9;884329,8;1118056,8;1228164,9;1447440,0;1712653,5;1735538,8;1936268,1;2028674,8;2095763,6;2114711,7;;
Здравоохранение и предоставление социальных услуг;;;;;;;;;;;;401890,8;465288,5;579469,4;754667,7;974217,4;1231793,9;1586377,0;1725122,3;1967041,7;2369338,2;2722225,6;3021455,5;3463530,9;3618823,7;3764794,6;;
Предоставление прочих коммунальных, социальных и персональных услуг;;;;;;;;;;;;54791,6;68265,8;81987,9;111738,0;139709,5;179283,5;226539,3;231172,5;339134,0;429080,3;508104,3;550386,5;630860,6;679929,0;706380,2;;
Деятельность домашних хозяйств;;;;;;;;;;;;;;;;;;;;-;-;-;-;-;-;-;;
Итого в основных ценах;;;;;;;;;;;;1953565,6;2372020,3;2898502,0;3580427,8;4549318,7;5579721,6;7137833,7;7764596,1;8901403,5;11063004,2;12880496,7;14392310,9;15225416,8;15915164,9;16889020,1;;
"Сектор ""Домашние хозяйства""";;;;;;;;;;;;;;;;;;;;;;;;;;;;
Сельское хозяйство, охота и лесное хозяйство;;;;;;;;;;;;546979,3;572930,7;611622,0;692660,8;770168,7;878160,2;1102884,0;1226092,3;1453920,6;1735186,8;1754545,4;1946609,8;2198002,8;2537845,4;2646873,7;;
Рыболовство, рыбоводство;;;;;;;;;;;;8001,4;11357,6;7643,1;13398,8;13499,1;13944,0;16353,7;22246,0;20660,7;21607,1;22110,5;23523,8;26057,0;31421,6;32269,2;;
Добыча полезных ископаемых;;;;;;;;;;;;1960,3;2676,7;384,1;790,4;1198,0;1747,7;311,9;221,2;441,2;487,3;587,5;371,3;407,8;983,6;1040,7;;
Обрабатывающие производства;;;;;;;;;;;;166268,6;167538,5;152662,6;230585,8;259245,1;358739,2;398480,1;308902,5;384593,7;622152,9;717304,0;801943,2;848276,5;1025631,0;1042904,3;;
Производство и распределение электроэнергии, газа и воды;;;;;;;;;;;;…;…;3487,0;1497,8;1356,7;1012,9;1086,9;932,6;1375,7;1418,1;1980,7;1981,1;2068,9;2536,0;2633,2;;
Строительство;;;;;;;;;;;;84190,2;112804,3;126671,3;154483,8;192303,9;268138,4;340235,9;341610,2;431169,0;478015,7;517243,2;568234,8;682012,2;808956,2;835483,6;;
"Оптовая и розничная торговля; ремонт автотранспортных средств, мотоциклов, бытовых изделий и предметов личного пользования";;;;;;;;;;;;648947,2;756709,7;958739,3;1180944,6;1505956,4;1719362,7;1716582,5;1876482,6;2096335,5;2484370,5;2822481,3;3015401,5;2959106,6;2893004,7;2836295,0;;
Гостиницы и рестораны;;;;;;;;;;;;24592,7;27316,3;45142,4;78507,1;123356,0;161212,3;200573,3;204006,4;212093,8;251522,0;285950,6;314945,8;341931,4;371373,9;378448,0;;
Транспорт и связь;;;;;;;;;;;;61343,6;83353,9;120137,6;147452,7;206006,6;247830,7;323022,1;322083,4;440947,1;504282,7;613528,0;638673,7;754213,9;857304,7;929874,3;;
Финансовая деятельность;;;;;;;;;;;;-;-;-;-;-;-;-;-;24168;24858,0;26920,1;44204,1;45893,8;44680,9;53684,2;;
Операции с недвижимым имуществом, аренда и предоставление услуг;;;;;;;;;;;;140701,5;162685,6;353627,6;487682,8;615388,6;753536,8;855637,3;885625,0;1317508,7;4645157,8;5415940,9;5782096,2;5894985,4;6487700,9;6849989,2;;
"Государственное управление и обеспечение военной безопасности; социальное страхование";;;;;;;;;;;;-;-;-;-;-;-;-;-;-;-;-;-;-;-;-;;
Образование;;;;;;;;;;;;9470,9;12354,0;14800,8;20807,6;27172,6;35762,6;32268,1;37166,5;36782,9;40820,3;88510,1;99902,3;107435,7;124836,2;127143,0;;
Здравоохранение и предоставление социальных услуг;;;;;;;;;;;;20180,4;22992,6;28077,4;34565,0;42333,8;38127,1;41159,3;43639,8;40801,1;45020,0;66815,7;75794,6;78884,9;90362,8;96580,6;;
Предоставление прочих коммунальных, социальных и персональных услуг;;;;;;;;;;;;5177,1;12362,8;15567,3;26687,0;34701,9;43547,7;57706,0;68273,9;79413,7;86791,8;159017,8;172258,3;188182,0;255808,9;263887,2;;
Деятельность домашних хозяйств;;;;;;;;;;;;;;;;;;;;72,5;338573,0;375849,0;406093,2;436077,0;482588,4;506278,7;;
Итого в основных ценах;;;;;;;;;;;;1717813,2;1945082,7;2438562,4;3070064,2;3792687,6;4521122,3;5086301,1;5337282,2;6540283,9;11280264,0;12868784,6;13892033,6;14563535,7;16015035,2;16603384,9;;
"Сектор ""Некоммерческие организации, обслуживающие домашние хозяйства""";;;;;;;;;;;;;;;;;;;;;;;;;;;;
Сельское хозяйство, охота и лесное хозяйство;;;;;;;;;;;;-;-;-;-;-;-;-;-;-;-;-;-;-;-;-;;
Рыболовство, рыбоводство;;;;;;;;;;;;-;-;-;-;-;-;-;-;-;-;-;-;-;-;-;;
Добыча полезных ископаемых;;;;;;;;;;;;-;-;-;-;-;-;-;-;-;-;-;-;-;-;-;;
Обрабатывающие производства;;;;;;;;;;;;-;-;-;-;-;-;-;-;-;-;-;-;-;-;-;;
Производство и распределение электроэнергии, газа и воды;;;;;;;;;;;;-;-;-;-;-;-;-;-;-;-;-;-;-;-;-;;
Строительство;;;;;;;;;;;;-;-;-;-;-;-;-;-;-;-;-;-;-;-;-;;
"Оптовая и розничная торговля; ремонт автотранспортных средств, мотоциклов, бытовых изделий и предметов личного пользования";;;;;;;;;;;;-;-;-;-;-;-;-;-;-;-;-;-;-;-;-;;
Гостиницы и рестораны;;;;;;;;;;;;8308,9;9448,3;7452,5;10435,1;11529,9;12774,5;14135,4;11942;10596,2;11374,9;12566;11186;10275;10584,2;11324,9;;
Транспорт и связь;;;;;;;;;;;;-;-;-;-;-;-;-;-;-;-;-;-;-;-;-;;
Финансовая деятельность;;;;;;;;;;;;-;-;-;-;-;-;-;-;-;-;-;-;-;-;-;;
Операции с недвижимым имуществом, аренда и предоставление услуг;;;;;;;;;;;;2221,2;2896,5;3211,9;1037,9;1404,9;1221,7;1233,7;27104;28696,1;25795,2;28397;29016;31921;35541,6;38205,9;;
"Государственное управление и обеспечение военной безопасности; социальное страхование";;;;;;;;;;;;-;-;-;-;-;-;-;-;-;-;-;-;-;-;-;;
Образование;;;;;;;;;;;;11672,0;13377,1;10053,2;9174,9;7514,7;5599,6;6348,7;9821;10420,5;9954,6;10401;11250;11203;11817,5;13436,1;;
Здравоохранение и предоставление социальных услуг;;;;;;;;;;;;22320,2;25546,6;33125,9;22349,5;25723,5;28609,0;29256,8;23118;23290,7;25938,7;26725;26535;29338;26828,6;28338,5;;
Предоставление прочих коммунальных, социальных и персональных услуг;;;;;;;;;;;;94758,4;109184,0;103869,7;102231,7;114610,8;140871,4;169465,5;145382;152877,9;163453,5;180234;191321;218755;244391,1;269324,3;;
Деятельность домашних хозяйств;;;;;;;;;;;;;;;;;;;;-;-;0,0;-;-;-;-;;
Итого в основных ценах;;;;;;;;;;;;139280,7;160452,5;157713,2;145229,0;160783,8;189076,4;220440,1;217368,0;225881,4;236516,9;258321,9;269308,2;301492,8;329163,0;360629,8;;
"Валовая добавленная стоимость по видам экономической деятельности и секторам (в текущих ценах; миллионов рублей)";;;;;;;;;;;;;;;;;;;;;;;;;;;;
"Сектор ""Нефинансовые корпорации""";;;;;;;;;;;;;;;;;;;;;;;;;;;;
Сельское хозяйство, охота и лесное хозяйство;;;;;;;;;;;;178589,1;252565,9;327236,9;353324,4;413879,1;562399,7;701719,2;618082,9;504519,4;755644;870976,7;852285,1;1133131,6;1453027,9;1560267,5;;
Рыболовство, рыбоводство;;;;;;;;;;;;23257,1;52653,6;56606,3;47935,7;50579,9;54001,8;53769,5;68115,6;84016,0;81754;87736,5;96833,3;113216,6;174596,7;198454,3;;
Добыча полезных ископаемых;;;;;;;;;;;;637459,7;768608,0;1411499,3;2063836,7;2508725,0;2864427,4;3284442,0;2885290,7;3842594,7;4949713;5567739,0;5919370,3;6241346,5;7293190,6;7386485,9;;
Обрабатывающие производства;;;;;;;;;;;;1563234,6;1855839,0;2553838,6;3323171,2;4039959,5;4923325,6;6055796,0;4921506,1;5836417,1;6911948;7937443,5;8156343,2;9075079,9;10377710,1;10260099,3;;
Производство и распределение электроэнергии, газа и воды;;;;;;;;;;;;349452,9;414074,4;546841,3;608002,6;726628,2;855594,4;1033694,7;1388437,1;1526620,1;1745710;1805794,8;1952500,9;1991265,7;2242535,5;2414082,3;;
Строительство;;;;;;;;;;;;464914,7;644602,7;767615,3;893552,4;1095588,4;1485551,3;2040607,5;1905439,3;2388161,8;3753143;4281185,0;4211608,5;4372563,5;4370788,3;4544733,4;;
"Оптовая и розничная торговля; ремонт автотранспортных средств, мотоциклов, бытовых изделий и предметов личного пользования";;;;;;;;;;;;1674795,3;1999227,8;2311307,6;2748555,5;3577346,5;4501383,5;5898858,0;4671449,1;6725754,7;7537793;8214570,2;8581631,6;9468179,1;10097009,2;9643508,8;;
Гостиницы и рестораны;;;;;;;;;;;;66492,5;77508,1;117188,2;129388,8;150490,4;199942,5;253175,0;238806,9;298741,4;344906;391205,8;408413,1;449512,4;485511,5;516958,2;;
Транспорт и связь;;;;;;;;;;;;929734,2;1188477,6;1586916,9;1823878,5;2147807,2;2611610,5;3073426,7;3040815,2;3407329,8;3679380;4153194,2;4798492,8;4979913,9;5566639,4;5892273,3;;
Финансовая деятельность;;;;;;;;;;;;1915,9;-0,3;-;-;-;-;-;-;-;-;-;-;-;-;-;;
Операции с недвижимым имуществом, аренда и предоставление услуг;;;;;;;;;;;;830454,6;1044536,3;1032166,2;1344460,7;1682267,1;2409008,6;3157386,9;3325127,3;3662782,8;4540612;5039072,3;5868936,6;6387455,2;7210504,4;7828826,5;;
"Государственное управление и обеспечение военной безопасности; социальное страхование";;;;;;;;;;;;10579,0;18556,8;-;-;-;-;-;-;-;-;-;-;-;-;-;;
Образование;;;;;;;;;;;;43550,5;50693,2;64932,5;80953,2;101361,8;125658,9;159860,3;169894,4;122495,4;111365;128374,0;100234,3;102613,0;92614,5;107335,6;;
Здравоохранение и предоставление социальных услуг;;;;;;;;;;;;51793,8;74747,1;84343,3;105447,8;123243,4;147225,5;189499,7;218345,3;193959,1;203595;202487,8;207589,6;249296,7;320894,8;321843,5;;
Предоставление прочих коммунальных, социальных и персональных услуг;;;;;;;;;;;;100620,6;119581,4;168919,3;203768,4;273256,5;353262,4;408999,4;347871,8;377500,1;413821;405257,7;461762,3;459541,9;512736,7;551386,7;;
Деятельность домашних хозяйств;;;;;;;;;;;;;;;;;;;;-;-;-;-;-;-;-;;
Итого в основных ценах;;;;;;;;;;;;6926844,5;8561671,7;11029411,6;13726276,0;16891133,0;21093391,9;26311235,0;23799181,5;28970892,3;35029383,9;39085037,5;41616001,6;45023115,9;50197759,8;51226255,2;;
"Сектор ""Финансовые корпорации""";;;;;;;;;;;;;;;;;;;;;;;;;;;;
Сельское хозяйство, охота и лесное хозяйство;;;;;;;;;;;;-;-;-;-;-;-;-;-;-;-;-;-;-;-;-;;
Рыболовство, рыбоводство;;;;;;;;;;;;-;-;-;-;-;-;-;-;-;-;-;-;-;-;-;;
Добыча полезных ископаемых;;;;;;;;;;;;-;-;-;-;-;-;-;-;-;-;-;-;-;-;-;;
Обрабатывающие производства;;;;;;;;;;;;-;-;-;-;-;-;-;-;-;-;-;-;-;-;-;;
Производство и распределение электроэнергии, газа и воды;;;;;;;;;;;;-;-;-;-;-;-;-;-;-;-;-;-;-;-;-;;
Строительство;;;;;;;;;;;;-;-;-;-;-;-;-;-;-;-;-;-;-;-;-;;
"Оптовая и розничная торговля; ремонт автотранспортных средств, мотоциклов, бытовых изделий и предметов личного пользования";;;;;;;;;;;;-;-;-;-;-;-;-;-;-;-;-;-;-;-;-;;
Гостиницы и рестораны;;;;;;;;;;;;-;-;-;-;-;-;-;-;-;-;-;-;-;-;-;;
Транспорт и связь;;;;;;;;;;;;-;-;-;-;-;-;-;-;-;-;-;-;-;-;-;;
Финансовая деятельность;;;;;;;;;;;;278389,9;388012,0;474141,7;701152,5;977167,7;1253760,0;1537849,7;1707153,1;1754500,7;1923474,2;2386913,8;2807867,0;3111359,5;2550794,4;3244067,5;;
Операции с недвижимым имуществом, аренда и предоставление услуг;;;;;;;;;;;;1374,9;-;-;-;-;-;-;-;-;-;-;-;-;-;-;;
"Государственное управление и обеспечение военной безопасности; социальное страхование";;;;;;;;;;;;-;-;-;-;-;-;-;-;-;-;-;-;-;-;-;;
Образование;;;;;;;;;;;;-;-;-;-;-;-;-;-;-;-;-;-;-;-;-;;
Здравоохранение и предоставление социальных услуг;;;;;;;;;;;;-;-;-;-;-;-;-;-;-;-;-;-;-;-;-;;
Предоставление прочих коммунальных, социальных и персональных услуг;;;;;;;;;;;;-;-;-;-;-;-;-;-;-;-;-;-;-;-;-;;
Деятельность домашних хозяйств;;;;;;;;;;;;;;;;;;;-;-;-;-;-;-;-;-;;
Итого в основных ценах;;;;;;;;;;;;279764,8;388012,0;474141,7;701152,5;977167,7;1253760,0;1537849,7;1707153,1;1754500,7;1923474,2;2386913,8;2807867,0;3111359,5;2550794,4;3244067,5;;
"Сектор ""Государственное управление""";;;;;;;;;;;;;;;;;;;;;;;;;;;;
Сельское хозяйство, охота и лесное хозяйство;;;;;;;;;;;;8418,0;9959,5;13464,5;11899,4;13740,8;16803,6;18536,4;24980,9;22018,6;25428,7;27959,6;29315,5;33633,2;33731,3;32933,9;;
Рыболовство, рыбоводство;;;;;;;;;;;;1010,2;1052,8;1325,0;882,2;808,3;783,7;994,9;1524,3;3169,3;4626,8;8938,3;9330,1;9792,7;9808,5;8749,8;;
Добыча полезных ископаемых;;;;;;;;;;;;-;-;-;-;-;-;-;-;-;-;-;-;-;-;-;;
Обрабатывающие производства;;;;;;;;;;;;…;…;…;495,6;1025,7;1484,1;2266,6;2489,9;2554,7;2452,5;15338,3;14824,8;14050,8;14000,5;14606,9;;
Производство и распределение электроэнергии, газа и воды;;;;;;;;;;;;-;-;-;-;-;-;-;-;-;-;890,4;718,9;792,0;674,9;831,3;;
Строительство;;;;;;;;;;;;2708,6;3287,1;2895,2;3056,7;3435,6;5298,4;5045,2;4866,8;6187,1;5196,1;7026,3;6904,7;0,0;0,0;0,0;;
"Оптовая и розничная торговля; ремонт автотранспортных средств, мотоциклов, бытовых изделий и предметов личного пользования";;;;;;;;;;;;-;-;-;-;-;-;-;-;-;-;-;-;-;-;-;;
Гостиницы и рестораны;;;;;;;;;;;;-;-;-;-;-;-;-;-;2252;2676,5;14601,6;16246,6;18450,8;14150,7;16750,3;;
Транспорт и связь;;;;;;;;;;;;…;…;…;4731,9;5226,2;5288,9;8270,9;18690,2;23599,4;12078,7;14899,1;19185,1;35125,6;37045,4;26583,5;;
Финансовая деятельность;;;;;;;;;;;;-;-;-;-;-;-;-;-;-;-;-;-;-;-;-;;
Операции с недвижимым имуществом, аренда и предоставление услуг;;;;;;;;;;;;54588,8;68723,6;82026,8;86135,1;114355,5;123309,8;140186,9;147682,6;182782,0;420575,3;501697,0;603328,9;637736,7;652614,7;636917,3;;
"Государственное управление и обеспечение военной безопасности; социальное страхование";;;;;;;;;;;;478148,7;632732,0;802513,8;959089,9;1189163,1;1466357,0;1884401,2;2203213,3;2423548,6;3631807,6;4555153,6;5201331,2;5533093,3;5819068,8;6304134,2;;
Образование;;;;;;;;;;;;222509,0;250240,8;319123,3;392386,0;494804,8;616020,4;784848,3;932338,0;1071139,1;1250236,8;1336036,7;1527880,0;1645386,4;1700767,5;1744311,1;;
Здравоохранение и предоставление социальных услуг;;;;;;;;;;;;239912,6;271425,5;352233,1;424566,5;600652,7;763713,5;966961,0;1101384,3;1254191,3;1511003,0;1692640,6;2024225,7;2341202,3;2378190,6;2488862,0;;
Предоставление прочих коммунальных, социальных и персональных услуг;;;;;;;;;;;;25695,5;31579,2;40159,2;50329,8;63578,0;80352,4;103943,9;125856,7;199861,5;272769,0;316803,9;357048,6;416935,7;461089,7;468746,6;;
Деятельность домашних хозяйств;;;;;;;;;;;;;;;;;;;;-;-;-;-;-;-;-;;
Итого в основных ценах;;;;;;;;;;;;1032991,3;1269000,5;1613740,9;1933572,9;2486790,7;3079411,9;3915455,3;4563027,0;5191304,0;7138851,0;8491985,3;9810340,2;10686199,6;11121142,5;11743427,0;;
"Сектор ""Домашние хозяйства""";;;;;;;;;;;;;;;;;;;;;;;;;;;;
Сельское хозяйство, охота и лесное хозяйство;;;;;;;;;;;;386747,1;404905,9;432658,8;498959,2;553665,0;615575,3;766319,0;861357,4;924995,1;1163413,2;1174553,8;1311793,0;1499115,4;1754725,4;1787069,9;;
Рыболовство, рыбоводство;;;;;;;;;;;;4768,4;5704,3;3797,2;6692,6;6684,0;6826,6;7921,9;10999,8;9792,2;10167,4;11159,0;11875,3;13234,4;15996,5;16429,8;;
Добыча полезных ископаемых;;;;;;;;;;;;970,2;1192,5;147,6;450,6;720,8;1100,5;184,2;113,8;217,5;251,4;293,2;168,7;184,4;457,1;470,6;;
Обрабатывающие производства;;;;;;;;;;;;82291,4;41832,1;37105,1;64792,8;74985,3;100429,7;105873,2;81348,0;95685,7;64311,9;89896,9;108271,2;95344,2;155166,9;148033,6;;
Производство и распределение электроэнергии, газа и воды;;;;;;;;;;;;…;…;1498,0;405,1;353,5;290,6;272,8;300,3;468,1;479,0;542,2;554,8;488,6;798,0;792,0;;
Строительство;;;;;;;;;;;;45920,5;55137,1;76557,5;93336,9;102934,7;143050,3;179672,6;191177,5;193464,9;204592,6;236071,7;256301,4;308913,8;373233,7;384007,6;;
"Оптовая и розничная торговля; ремонт автотранспортных средств, мотоциклов, бытовых изделий и предметов личного пользования";;;;;;;;;;;;517841,9;572993,1;700882,7;861903,3;1096240,6;1243599,2;1238869,6;1389066,6;1295218,4;1541083,0;1690095,0;1760298,8;1703379,7;1755933,0;1701476,5;;
Гостиницы и рестораны;;;;;;;;;;;;17140,1;11555,5;18888,5;32173,8;49511,1;79090,6;96749,0;98538,6;96828,4;114196,4;119722,8;124920,7;130408,5;161120,1;160261,7;;
Транспорт и связь;;;;;;;;;;;;48950,5;55702,3;55514,4;68396,6;94562,8;133990,0;176582,8;190136,1;231535,0;260173,2;315059,1;323793,3;378913,7;429519,5;465988,0;;
Финансовая деятельность;;;;;;;;;;;;-;-;-;-;-;-;-;-;19009;19514,3;21536,1;35363,3;36715,1;35654,7;42815,0;;
Операции с недвижимым имуществом, аренда и предоставление услуг;;;;;;;;;;;;131116,7;130592,5;290621,4;397148,0;489593,3;569356,1;660641,7;727860,7;1034903,4;4027425,6;4631993,6;4889308,9;5043235,0;5354266,6;5623210,4;;
"Государственное управление и обеспечение военной безопасности; социальное страхование";;;;;;;;;;;;-;-;-;-;-;-;-;-;-;-;-;-;-;-;-;;
Образование;;;;;;;;;;;;6600,8;8607,5;10289,6;14413,3;18747,8;24506,2;21902,4;25427,3;25319,2;33085,7;72358,8;81590,7;87480,5;103499,9;104610,6;;
Здравоохранение и предоставление социальных услуг;;;;;;;;;;;;18141,9;16688,9;19355,0;23696,4;28886,5;25779,2;27502,0;29376,0;27828,2;34555,5;51777,0;58184,2;60348,8;69919,9;74361,0;;
Предоставление прочих коммунальных, социальных и персональных услуг;;;;;;;;;;;;4800,1;8640,0;10822,5;18485,9;21465,7;26031,2;34427,3;42586,1;50327,0;59711,0;109080,8;128642,7;138585,7;192111,7;197544,3;;
Деятельность домашних хозяйств;;;;;;;;;;;;;;;;;;;;46,6;338573,0;375849,0;406093,2;436077,0;482588,4;506278,7;;
Итого в основных ценах;;;;;;;;;;;;1265289,5;1313551,8;1658138,2;2080854,4;2538351,2;2969625,7;3316918,6;3648288,3;4005638,5;7871533,2;8899989,0;9497160,2;9932424,8;10884991,4;11213349,7;;
"Сектор ""Некоммерческие организации, обслуживающие домашние хозяйства""";;;;;;;;;;;;;;;;;;;;;;;;;;;;
Сельское хозяйство, охота и лесное хозяйство;;;;;;;;;;;;-;-;-;-;-;-;-;-;-;-;-;-;-;-;-;;
Рыболовство, рыбоводство;;;;;;;;;;;;-;-;-;-;-;-;-;-;-;-;-;-;-;-;-;;
Добыча полезных ископаемых;;;;;;;;;;;;-;-;-;-;-;-;-;-;-;-;-;-;-;-;-;;
Обрабатывающие производства;;;;;;;;;;;;-;-;-;-;-;-;-;-;-;-;-;-;-;-;-;;
Производство и распределение электроэнергии, газа и воды;;;;;;;;;;;;-;-;-;-;-;-;-;-;-;-;-;-;-;-;-;;
Строительство;;;;;;;;;;;;-;-;-;-;-;-;-;-;-;-;-;-;-;-;-;;
"Оптовая и розничная торговля; ремонт автотранспортных средств, мотоциклов, бытовых изделий и предметов личного пользования";;;;;;;;;;;;-;-;-;-;-;-;-;-;-;-;-;-;-;-;-;;
Гостиницы и рестораны;;;;;;;;;;;;4382,3;4816,8;3787,1;6229,4;6722,1;7262,1;8045,4;6320;5453,7;5568,5;6172,5;5516,5;5079,5;5159,2;5475,3;;
Транспорт и связь;;;;;;;;;;;;-;-;-;-;-;-;-;-;-;-;-;-;-;-;-;;
Финансовая деятельность;;;;;;;;;;;;-;-;-;-;-;-;-;-;-;-;-;-;-;-;-;;
Операции с недвижимым имуществом, аренда и предоставление услуг;;;;;;;;;;;;2221,2;2896,5;3211,9;1037,9;1361,7;1158,5;1169,6;19932;21051,4;20300,2;22087,6;22587,3;24855,7;27461,1;29387,3;;
"Государственное управление и обеспечение военной безопасности; социальное страхование";;;;;;;;;;;;-;-;-;-;-;-;-;-;-;-;-;-;-;-;-;;
Образование;;;;;;;;;;;;7312,7;8386,2;5777,1;5453,0;4378,5;3673,8;4053,4;6553;7013,5;6559,4;6915,4;7451,3;7418,6;7660,3;8722,1;;
Здравоохранение и предоставление социальных услуг;;;;;;;;;;;;11604,8;13008,2;16649,8;10944,0;12670,5;13760,4;13880,3;11234;11324,7;12655,7;13117,5;13021,9;14476,4;13095,3;13734,7;;
Предоставление прочих коммунальных, социальных и персональных услуг;;;;;;;;;;;;50877,6;58406,7;53908,7;52145,5;58768,3;62426,8;74091,1;69635;72898,7;75804,8;84014,8;89504,0;102582,5;112789,7;123219,4;;
Деятельность домашних хозяйств;;;;;;;;;;;;;;;;;;;;-;-;0,0;0,0;0,0;0,0;0,0;;
Итого в основных ценах;;;;;;;;;;;;76398,7;87514,4;83334,6;75810,0;83901,1;88281,7;101239,8;113673,9;117742,0;120888,6;132307,7;138081,0;154412,7;166165,6;180538,8;;
"Оплата труда наемных работников (в текущих ценах; миллионов рублей)";;;;;;;;;;;;;;;;;;;;;;;;;;;;
В соответствии с Общероссийским классификатором видов экономической деятельности  ОК 029-2007 (Кдес Ред.1.1) ОКВЭД;;;;;;;;;;;;;;;;;;;;;;;;;;;;
Сельское хозяйство, охота и лесное хозяйство;;;;;;;;;;;;170547,8;198098,1;218284,7;192067,0;218106,8;267127,1;345337,7;356260,3;336193,2;420458,7;457969,1;495554,8;557031,6;628648,5;703795,8;;
Рыболовство, рыбоводство;;;;;;;;;;;;8167,5;10109,4;10578,7;15280,5;17436,3;26766,8;30199,7;34246,9;32660,1;36303,0;41129,9;51408,7;52175,8;61460,1;65911,3;;
Добыча полезных ископаемых;;;;;;;;;;;;229261,9;264610,1;318459,7;342858,2;413503,3;491823,2;568354,1;550831,5;604913,3;724178,1;822254,7;917604,4;974468,7;1081942,0;1172373,2;;
Обрабатывающие производства;;;;;;;;;;;;801187,6;1006180,0;1169387,7;1254637,9;1488098,4;1903966,2;2308673,4;2138168,2;2375546,6;2829601,1;3198073,3;3549999,8;3750540,2;4034973,4;4162142,3;;
Производство и распределение электроэнергии, газа и воды;;;;;;;;;;;;175917,4;214964,0;259843,2;314943,4;377335,9;469788,6;548861,1;631914,9;688120,6;816723,6;890781,9;972955,8;1036396,9;1097622,4;1168269,1;;
Строительство;;;;;;;;;;;;310790,3;285948,6;377910,1;481707,6;545593,5;773660,3;1056655,3;975246,8;1082538,7;1450208,0;1626172,0;1653542,4;1682686,0;1851922,7;2016337,6;;
"Оптовая и розничная торговля; ремонт автотранспортных средств, мотоциклов, бытовых изделий и предметов личного пользования";;;;;;;;;;;;195068,4;290308,7;439454,3;549634,8;718445,2;1123407,7;1740237,1;1416532,7;2074476,1;2838494,8;2997671,2;3043749,8;3429667,6;3655603,1;4063150,9;;
Гостиницы и рестораны;;;;;;;;;;;;34013,5;35077,2;48046,5;49963,9;66501,7;92010,1;124200,2;124694,4;169108,2;183970,1;210438,7;228840,4;250192,7;273752,1;302430,4;;
Транспорт и связь;;;;;;;;;;;;387465,0;521372,4;678607,9;783737,3;898679,3;1056713,3;1311127,4;1384570,0;1355615,2;1846503,9;2018790,6;2291259,0;2328715,5;2465708,0;2534710,6;;
Финансовая деятельность;;;;;;;;;;;;140474,9;179951,5;209982,7;299190,7;405771,8;544853,5;697547,7;646331,5;763112,2;910369,0;1061508,5;1173724,1;1245694,1;1241714,6;1349396,3;;
Операции с недвижимым имуществом, аренда и предоставление услуг;;;;;;;;;;;;269817,6;366506,8;430954,8;628855,8;791862,3;1089033,2;1502582,3;1639620,2;1646759,8;1928748,6;2215681,1;2618334,1;2867065,2;3223792,6;3498967,5;;
"Государственное управление и обеспечение военной безопасности; социальное страхование";;;;;;;;;;;;466323,0;618803,2;768720,8;920181,5;1146478,7;1414237,6;1818345,1;2108149,3;2333640,7;2568423,0;3234344,7;3647900,7;3870133,5;3920099,8;4042551,7;;
Образование;;;;;;;;;;;;251214,9;287071,3;346787,4;434410,3;556281,7;692649,2;878303,8;1021705,6;1106626,1;1261916,9;1355806,0;1530599,0;1633036,0;1668429,1;1732082,5;;
Здравоохранение и предоставление социальных услуг;;;;;;;;;;;;271543,3;311596,1;401740,9;477434,3;667696,5;848678,2;1071139,3;1210173,3;1324548,0;1574410,3;1776294,4;2101758,6;2429119,1;2507974,1;2629345,3;;
Предоставление прочих коммунальных, социальных и персональных услуг;;;;;;;;;;;;104307,5;144390,6;171177,3;178363,5;224114,2;281399,7;358196,8;383168,7;469759,9;529849,3;587396,4;675957,6;744176,5;831540,6;862718,7;;
Деятельность домашних хозяйств;;;;;;;;;;;;;;;;;;;;17,3;338517,0;375849,0;406093,0;436077,0;482588,4;506278,7;;
Итого  по видам деятельности;;;;;;;;;;;;3816100,6;4734988,0;5849936,7;6923266,7;8535905,6;11076114,7;14359761,0;14621614,4;16363636,0;20258675,4;22870161,5;25359282,2;27287176,4;29027771,5;30810461,9;;
Кроме того, оплата труда  и смешанные доходы, не наблюдаемые прямыми статистическими методами,    рассчитанные на основе баланса (без распределения по видам экономической деятельности);;;;;;;;;;;;1249000,0;1496400,0;1995100,0;2551000,0;3450000,0;4450000,0;5200000,0;5790000,0;6632000,0;6128000,0;7331000,0;8433000,0;10100000,0;9670000,0;10131000,0;;
 Всего, включая оплату труда и смешанные доходы, не наблюдаемые прямыми статистическими методами ;;;;;;;;;;;;5065100,6;6231388,0;7845036,7;9474266,7;11985905,6;15526114,7;19559761,0;20411614,4;22995636,0;26386675,4;30201161,5;33792282,2;37387176,4;38697771,5;40941461,9;;
В соответствии с Общероссийским классификатором видов экономической деятельности ОК 029-2014 (КДЕС Ред.2) ОКВЭД2;;;;;;;;;;;;;;;;;;;;;;;;;;;;
Сельское, лесное хозяйство, охота, рыболовство и рыбоводство;;;;;;;;;;;;;;;;;;;;;;;;;;;828044,7;
Добыча полезных ископаемых;;;;;;;;;;;;;;;;;;;;;;;;;;;1290267,8;
Обрабатывающие производства;;;;;;;;;;;;;;;;;;;;;;;;;;;4424307,2;
"Обеспечение электрической энергией, газом и паром; кондиционирование воздуха";;;;;;;;;;;;;;;;;;;;;;;;;;;1117882,8;
"Водоснабжение; воотведение, организация сбора и утилизации отходов, деятельность по ликвидации загрязнений";;;;;;;;;;;;;;;;;;;;;;;;;;;249556,2;
Строительство;;;;;;;;;;;;;;;;;;;;;;;;;;;2136605,8;
"Торговля оптовая и розничная; ремонт автотранспортных средств и мотоциклов";;;;;;;;;;;;;;;;;;;;;;;;;;;4527065,6;
Транспортировка и храние;;;;;;;;;;;;;;;;;;;;;;;;;;;2285165,2;
Деятельность гостиниц и предприятий общественного питания;;;;;;;;;;;;;;;;;;;;;;;;;;;336445,1;
Деятельность в области информации и связи;;;;;;;;;;;;;;;;;;;;;;;;;;;991184,7;
Деятельность финансовая и страховая;;;;;;;;;;;;;;;;;;;;;;;;;;;1316330,2;
Деятельность по операциям с недвижимым имуществом;;;;;;;;;;;;;;;;;;;;;;;;;;;704956,2;
Деятельность профессиональная, научная и техническая;;;;;;;;;;;;;;;;;;;;;;;;;;;1996314,3;
Деятельность административная и сопутствующие дополнительные услуги;;;;;;;;;;;;;;;;;;;;;;;;;;;695763,3;
"Государственное управление и обеспечение военной безопасности;  социальное отрахование";;;;;;;;;;;;;;;;;;;;;;;;;;;4150883,2;
Образование;;;;;;;;;;;;;;;;;;;;;;;;;;;1903637,8;
Деятельность в области здравоохранения и социальных услуг;;;;;;;;;;;;;;;;;;;;;;;;;;;2761707,7;
Деятельность в области культуры, спорта, организации досуга и развлечений;;;;;;;;;;;;;;;;;;;;;;;;;;;552730,6;
Предоставление прочих видов услуг;;;;;;;;;;;;;;;;;;;;;;;;;;;267386,6;
"Деятельность домашних хозяйств как работодателей; недифференцированная деятельность частных домашних хозяйств по производству товаров и оказанию услуг для собственного потребления ";;;;;;;;;;;;;;;;;;;;;;;;;;;516991,5;
"Другие чистые налоги на производство (в текущих ценах; миллионов рублей)";;;;;;;;;;;;;;;;;;;;;;;;;;;;
В соответствии с Общероссийским классификатором видов экономической деятельности  ОК 029-2007 (Кдес Ред.1.1) ОКВЭД;;;;;;;;;;;;;;;;;;;;;;;;;;;;
Сельское хозяйство, охота и лесное хозяйство;;;;;;;;;;;;-5830,2;-10526,7;-8066,9;3152,8;4479,9;99,7;-18262,9;-53688,0;-19289,8;-57201,3;-51312,3;-20169,6;-76565,3;-50863,0;-48825,4;;
Рыболовство, рыбоводство;;;;;;;;;;;;504,5;104,1;2004,9;1029,9;381,0;590,6;457,2;634,2;2163,3;1050,0;2093,0;1424,3;1378,3;3952,7;9271,4;;
Добыча полезных ископаемых;;;;;;;;;;;;308179,3;349798,7;533233,3;919798,3;1114660,2;1018875,6;1437137,2;910635,0;1206552,0;67510,0;66299,4;79271,5;85497,5;98728,9;109160,7;;
Обрабатывающие производства;;;;;;;;;;;;86764,6;35889,5;53343,7;46806,0;97474,3;265099,3;381126,4;257971,5;332092,9;88791,0;104029,1;124767,9;92017,8;83740,9;87021,9;;
Производство и распределение электроэнергии, газа и воды;;;;;;;;;;;;31360,9;22547,0;20514,3;22210,7;22851,7;32404,8;44442,4;45709,0;55415,1;58099,0;63908,9;76085,9;79762,3;83545,5;94026,1;;
Строительство;;;;;;;;;;;;14443,8;4180,3;5240,1;4368,5;5203,8;9069,6;9400,2;6442,3;7975,6;19044,0;19856,0;20613,1;20871,3;20029,2;22578,1;;
"Оптовая и розничная торговля; ремонт автотранспортных средств, мотоциклов, бытовых изделий и предметов личного пользования";;;;;;;;;;;;44920,2;30881,0;25823,1;39893,9;52162,2;68091,5;76916,5;59165,7;67726,2;58221,0;85176,8;100998,5;99254,8;108273,3;130001,4;;
Гостиницы и рестораны;;;;;;;;;;;;2276,4;880,8;1005,9;914,1;1143,5;1805,1;2078,3;2195,6;2861,5;3051,0;3283,1;4288,5;5330,7;5738,1;5821,7;;
Транспорт и связь;;;;;;;;;;;;56586,0;39515,9;29780,1;50484,1;61728,6;61391,0;73275,3;75490,4;89832,4;73302,0;86090,5;100380,8;77732,2;129985,2;149406,1;;
Финансовая деятельность;;;;;;;;;;;;22838,7;21378,2;21073,3;36228,0;49962,5;64200,7;71620,1;70988,3;80564,2;99085,0;120945,4;123433,9;120838,6;120400,0;106346,9;;
Операции с недвижимым имуществом, аренда и предоставление услуг;;;;;;;;;;;;32386,8;27663,0;23105,2;25721,2;30693,6;39777,9;35498,1;50103,9;51730,6;57486,0;66240,2;83543,4;90472,3;114439,8;136040,2;;
"Государственное управление и обеспечение военной безопасности; социальное страхование";;;;;;;;;;;;789,6;767,2;339,6;431,9;405,1;605,7;681,4;24642,4;19717,0;19700,0;26885,3;26830,8;32295,8;32376,4;29671,0;;
Образование;;;;;;;;;;;;1059,7;358,7;342,3;276,8;315,0;406,7;516,0;24506,9;26753,2;32245,0;37508,2;40801,2;44581,0;44711,3;41081,6;;
Здравоохранение и предоставление социальных услуг;;;;;;;;;;;;1603,1;807,1;850,6;894,7;845,9;1194,8;1374,5;12955,8;17246,5;19898,0;22942,1;25318,3;27574,5;27972,6;26030,6;;
Предоставление прочих коммунальных, социальных и персональных услуг;;;;;;;;;;;;119,1;-210,7;-1562,9;4048,8;4546,5;7661,9;8010,6;10870,7;9363,0;8313,0;9093,2;10285,8;11052,3;-18867,1;-17703,4;;
Деятельность домашних хозяйств;;;;;;;;;;;;;;;;;;;;0,3;0,0;0,0;0,0;0,0;0,0;0,0;;
Итого  по видам деятельности;;;;;;;;;;;;598002,5;524034,1;707026,6;1156259,7;1446853,8;1571274,9;2124271,3;1498623,7;1950704,0;548593,7;663038,9;797874,3;712094,1;804163,8;879928,9;;
В соответствии с Общероссийским классификатором видов экономической деятельности ОК 029-2014 (КДЕС Ред.2) ОКВЭД2;;;;;;;;;;;;;;;;;;;;;;;;;;;;
Сельское, лесное хозяйство, охота, рыболовство и рыбоводство;;;;;;;;;;;;;;;;;;;;;;;;;;;-19251,9;
Добыча полезных ископаемых;;;;;;;;;;;;;;;;;;;;;;;;;;;121021,1;
Обрабатывающие производства;;;;;;;;;;;;;;;;;;;;;;;;;;;85430,2;
"Обеспечение электрической энергией, газом и паром; кондиционирование воздуха";;;;;;;;;;;;;;;;;;;;;;;;;;;95221,7;
"Водоснабжение; воотведение, организация сбора и утилизации отходов, деятельность по ликвидации загрязнений";;;;;;;;;;;;;;;;;;;;;;;;;;;16218,4;
Строительство;;;;;;;;;;;;;;;;;;;;;;;;;;;27647,2;
"Торговля оптовая и розничная; ремонт автотранспортных средств и мотоциклов";;;;;;;;;;;;;;;;;;;;;;;;;;;134861,5;
Транспортировка и храние;;;;;;;;;;;;;;;;;;;;;;;;;;;138997,0;
Деятельность гостиниц и предприятий общественного питания;;;;;;;;;;;;;;;;;;;;;;;;;;;9401,2;
Деятельность в области информации и связи;;;;;;;;;;;;;;;;;;;;;;;;;;;-2368,6;
Деятельность финансовая и страховая;;;;;;;;;;;;;;;;;;;;;;;;;;;105249,6;
Деятельность по операциям с недвижимым имуществом;;;;;;;;;;;;;;;;;;;;;;;;;;;111292,6;
Деятельность профессиональная, научная и техническая;;;;;;;;;;;;;;;;;;;;;;;;;;;40536,5;
Деятельность административная и сопутствующие дополнительные услуги;;;;;;;;;;;;;;;;;;;;;;;;;;;5856,3;
"Государственное управление и обеспечение военной безопасности;  социальное отрахование";;;;;;;;;;;;;;;;;;;;;;;;;;;29711,6;
Образование;;;;;;;;;;;;;;;;;;;;;;;;;;;41255,6;
Деятельность в области здравоохранения и социальных услуг;;;;;;;;;;;;;;;;;;;;;;;;;;;26415,1;
Деятельность в области культуры, спорта, организации досуга и развлечений;;;;;;;;;;;;;;;;;;;;;;;;;;;6018,9;
Предоставление прочих видов услуг;;;;;;;;;;;;;;;;;;;;;;;;;;;3207,7;
"Деятельность домашних хозяйств как работодателей; недифференцированная деятельность частных домашних хозяйств по производству товаров и оказанию услуг для собственного потребления ";;;;;;;;;;;;;;;;;;;;;;;;;;;0,0;
"Валовая прибыль экономики (в текущих ценах; миллионов рублей)";;;;;;;;;;;;;;;;;;;;;;;;;;;;
В соответствии с Общероссийским классификатором видов экономической деятельности  ОК 029-2007 (Кдес Ред.1.1) ОКВЭД;;;;;;;;;;;;;;;;;;;;;;;;;;;;
Сельское хозяйство, охота и лесное хозяйство;;;;;;;;;;;;409041,4;479859,9;563142,4;668963,1;758698,3;927551,9;1159499,8;1201848,9;1134629,6;1581228,0;1666833,2;1718008,4;2185413,9;2663699,2;2725300,9;;
Рыболовство, рыбоводство;;;;;;;;;;;;20363,6;49197,2;49144,9;39200,1;40255,0;34254,8;32029,5;45758,7;62154,1;59195,3;64610,9;65205,7;82689,6;134988,8;148451,2;;
Добыча полезных ископаемых;;;;;;;;;;;;100988,7;155391,8;559953,9;801630,8;981282,3;1354829,0;1279134,9;1423937,9;2031347,0;4158276,3;4679478,1;4922663,1;5181564,7;6112976,8;6105422,6;;
Обрабатывающие производства;;;;;;;;;;;;757573,8;855601,7;1368212,3;2087015,7;2530397,8;2856173,9;3474136,0;2609204,3;3227017,9;4060319,8;4740576,3;4604671,5;5341917,0;6428163,2;6173575,6;;
Производство и распределение электроэнергии, газа и воды;;;;;;;;;;;;142174,6;176563,4;267981,8;271253,6;326794,0;353691,6;440663,9;711113,5;783552,4;871366,5;852536,6;904733,0;876387,1;1062840,5;1153410,3;;
Строительство;;;;;;;;;;;;188309,7;412898,0;463917,8;503869,8;651161,5;851170,1;1159269,8;1119794,5;1497299,5;2493679,4;2878254,9;2800659,1;2977920,1;2872070,1;2889825,3;;
"Оптовая и розничная торговля; ремонт автотранспортных средств, мотоциклов, бытовых изделий и предметов личного пользования";;;;;;;;;;;;1952648,6;2251031,1;2546912,9;3020930,1;3902979,7;4553483,5;5320574,0;4584817,3;5878770,7;6182160,0;6821817,2;7197182,1;7642636,4;8089065,8;7151833,0;;
Гостиницы и рестораны;;;;;;;;;;;;51725,0;57922,4;90811,4;116914,0;139078,5;192480,1;231690,9;216775,5;231306,2;280326,6;317980,9;321967,9;347927,8;386451,4;391193,4;;
Транспорт и связь;;;;;;;;;;;;534633,7;683291,6;934043,2;1062785,6;1287188,3;1632785,1;1873877,7;1789581,1;2217016,6;2031826,2;2378271,3;2749831,5;2987505,5;3437511,1;3700728,1;;
Финансовая деятельность ;;;;;;;;;;;;116992,2;186682,0;243085,7;365733,8;521433,4;644705,8;768681,9;989833,3;929833,0;933534,5;1225995,9;1546072,3;1781541,8;1224334,5;1831139,3;;
Операции с недвижимым имуществом, аренда и предоставление услуг;;;;;;;;;;;;717551,8;852579,0;953966,3;1174204,6;1465021,7;1974021,9;2421304,7;2530878,9;3203029,2;7022678,6;7912929,1;8682284,2;9135745,1;9906614,3;10483333,8;;
"Государственное управление и обеспечение военной безопасности; социальное страхование";;;;;;;;;;;;21615,1;31718,4;33453,4;38476,5;42279,3;51513,7;65374,7;70421,6;70190,9;1043684,6;1293923,6;1526599,7;1630664,0;1866592,6;2231911,5;;
Образование;;;;;;;;;;;;27698,4;30497,7;52992,7;58518,5;62696,1;76803,4;91844,6;87999,7;92588,0;107085,1;150370,6;145756,2;165281,5;191401,9;191815,4;;
Здравоохрание и предоставление социальных услуг;;;;;;;;;;;;48306,6;63466,6;69989,7;86325,7;96910,7;100605,7;125329,2;137210,0;145508,9;167501,1;160786,4;175944,5;208630,6;246153,9;243425,3;;
Предоставление прочих коммунальных, социальных и персональных услуг;;;;;;;;;;;;77567,2;74027,4;104195,3;142317,2;188407,7;233011,2;255254,3;191910,7;221464,4;283943,7;318667,6;350714,2;362416,9;466054,3;495881,8;;
Деятельность домашних хозяйств;;;;;;;;;;;;;;;;;;;;29,0;56,0;0,0;0,2;0,0;0,0;0,0;;
Итого  по видам деятельности;;;;;;;;;;;;5167190,4;6360728,2;8301803,7;10438139,1;12994584,3;15837081,7;18698665,9;17711085,7;21725737,5;31276861,8;35463032,8;37712293,4;40908242,0;45088918,4;45917247,5;;
Кроме того, оплата труда  и смешанные доходы, не наблюдаемые прямыми статистическими методами,    рассчитанные на основе баланса (без распределения по видам экономической деятельности);;;;;;;;;;;;-1249000,0;-1496400,0;-1995100,0;-2551000,0;-3450000,0;-4450000,0;-5200000,0;-5790000,0;-6632000,0;-6128000,0;-7331000,0;-8433000,0;-10100000,0;-9670000,0;-10131000,0;;
 Всего, включая оплату труда и смешанные доходы, не наблюдаемые прямыми статистическими методами ;;;;;;;;;;;;3918190,4;4864328,2;6306703,7;7887139,1;9544584,3;11387081,7;13498665,9;11921085,7;15093737,5;25148861,8;28132032,8;29279293,4;30808242,0;35418918,4;35786247,5;;
В соответствии с Общероссийским классификатором видов экономической деятельности ОК 029-2014 (КДЕС Ред.2) ОКВЭД2;;;;;;;;;;;;;;;;;;;;;;;;;;;;
Сельское, лесное хозяйство, охота, рыболовство и рыбоводство;;;;;;;;;;;;;;;;;;;;;;;;;;;2885900,0;
Добыча полезных ископаемых;;;;;;;;;;;;;;;;;;;;;;;;;;;7195138,2;
Обрабатывающие производства;;;;;;;;;;;;;;;;;;;;;;;;;;;6459475,0;
"Обеспечение электрической энергией, газом и паром; кондиционирование воздуха";;;;;;;;;;;;;;;;;;;;;;;;;;;1166033,1;
"Водоснабжение; воотведение, организация сбора и утилизации отходов, деятельность по ликвидации загрязнений";;;;;;;;;;;;;;;;;;;;;;;;;;;147065,5;
Строительство;;;;;;;;;;;;;;;;;;;;;;;;;;;3122304,5;
"Торговля оптовая и розничная; ремонт автотранспортных средств и мотоциклов";;;;;;;;;;;;;;;;;;;;;;;;;;;7322523,0;
Транспортировка и храние;;;;;;;;;;;;;;;;;;;;;;;;;;;3396732,4;
Деятельность гостиниц и предприятий общественного питания;;;;;;;;;;;;;;;;;;;;;;;;;;;390626,8;
Деятельность в области информации и связи;;;;;;;;;;;;;;;;;;;;;;;;;;;973927,1;
Деятельность финансовая и страховая;;;;;;;;;;;;;;;;;;;;;;;;;;;2086214,9;
Деятельность по операциям с недвижимым имуществом;;;;;;;;;;;;;;;;;;;;;;;;;;;7367968,5;
Деятельность профессиональная, научная и техническая;;;;;;;;;;;;;;;;;;;;;;;;;;;1946890,1;
Деятельность административная и сопутствующие дополнительные услуги;;;;;;;;;;;;;;;;;;;;;;;;;;;1404411,7;
"Государственное управление и обеспечение военной безопасности;  социальное отрахование";;;;;;;;;;;;;;;;;;;;;;;;;;;2351423,2;
Образование;;;;;;;;;;;;;;;;;;;;;;;;;;;199032,9;
Деятельность в области здравоохранения и социальных услуг;;;;;;;;;;;;;;;;;;;;;;;;;;;266373,4;
Деятельность в области культуры, спорта, организации досуга и развлечений;;;;;;;;;;;;;;;;;;;;;;;;;;;210999,3;
Предоставление прочих видов услуг;;;;;;;;;;;;;;;;;;;;;;;;;;;136121,1;
"Деятельность домашних хозяйств как работодателей; недифференцированная деятельность частных домашних хозяйств по производству товаров и оказанию услуг для собственного потребления ";;;;;;;;;;;;;;;;;;;;;;;;;;;0,0;
"Использование валового внутреннего продукта (в текущих рыночных ценах; миллионов рублей)";;;;;;;;;;;;;;;;;;;;;;;;;;;;
Валовой внутренний продукт;;;;;;;;;;;;10830535,1;13208233,8;17027190,9;21609765,5;26917201,4;33247513,2;41276849,2;38807218,6;46308541,2;60282540,4;68163883,1;73133895,1;79199658,5;83387191,7;86148565,6;92037175,7;
в том числе:;;;;;;;;;;;;;;;;;;;;;;;;;;;;
расходы на конечное потребление;;;;;;;;;;;;7484115,5;9058687,6;11477849,6;14438149,2;17809740,7;21968579,5;27543511,4;29269625,1;32514673,2;40692217,7;46895780,1;52274283,6;56510695,1;58445375,1;61060258,4;64762774,9;
домашних хозяйств;;;;;;;;;;;;5409157,7;6537401,5;8438484,1;10652857,8;12974743,4;16031739,8;19966954,7;20985936,1;23617623,3;29939463,5;34492361,7;38465140,8;42015788,5;43336513,3;44965025,2;47871650,4;
государственного управления;;;;;;;;;;;;1942441,8;2366368,7;2889814,5;3645918,5;4680409,7;5750964,1;7359844,2;8066692,6;8671323,7;10527421,8;12155971,7;13551946,1;14207045,1;14794804,3;15751043,5;16548928,2;
из них:;;;;;;;;;;;;;;;;;;;;;;;;;;;;
на индивидуальные товары и услуги;;;;;;;;;;;;858159,1;1015496,4;1260365,8;1662905,0;2154301,6;2710005,7;3500155,7;3836009,6;4118622,8;4904682,5;5225597,1;5726847,3;6211031,3;6444884,2;6662529,7;6948571,4;
на коллективные услуги;;;;;;;;;;;;1084282,7;1350872,3;1629448,7;1983013,5;2526108,1;3040958,4;3859688,5;4230683,0;4552700,9;5622739,3;6930374,6;7825098,8;7996013,8;8349920,1;9088513,8;9600356,8;
некоммерческих организаций, обслуживающих домашние хозяйства;;;;;;;;;;;;132516,0;154917,4;149551,0;139372,9;154587,6;185875,6;216712,5;216996,4;225726,2;225332,4;247446,7;257196,7;287861,5;314057,5;344189,7;342196,3;
валовое накопление;;;;;;;;;;;;2169313,7;2755048,5;3558951,4;4338730,5;5698727,3;8034098,2;10526116,1;7344756,5;10472630,0;14735887,4;16730202,4;16915862,1;17614564,3;18241183,4;19671763,0;21962231,2;
"валовое накопление основного капитала2);3)";;;;;;;;;;;;1939314,4;2432252,0;3130523,6;3836895,9;4980573,3;6980359,1;9200768,9;8535671,5;10014340,1;12952976,5;14689247,0;15925615,2;16828063,2;16941946,2;18402686,3;19966589,9;
изменение запасов материальных оборотных средств;;;;;;;;;;;;229999,3;322796,5;428427,8;501834,6;718154,0;1053739,1;1325347,2;-1190915,0;458289,9;1782910,9;2040955,4;990246,9;786501,1;1299237,2;1269076,7;1995641,3;
чистый экспорт ;;;;;;;;;;;;1167490,5;1501960,1;2086533,4;2958981,1;3425912,8;2866551,3;3812567,2;2887699,1;3739696,9;4854435,3;4537900,6;3943749,4;5074399,1;6700633,2;4456050,9;4924950,1;
    экспорт;;;;;;;;;;;;3813694,6;4655880,3;5860396,9;7607256,5;9079332,7;10028762,1;12923553,7;10842026,2;13529310,9;16865192,2;18324772,3;18863370,2;21425934,6;23854056,5;22139288,6;23966093,9;
    импорт;;;;;;;;;;;;2646204,1;3153920,2;3773863,5;4648275,4;5653419,9;7162210,8;9110986,5;7954327,1;9789614,0;12010756,9;13786871,7;14919620,8;16351535,5;17153423,3;17683237,7;19041143,8;
статистическое расхождение;;;;;;;;;;;;9615,4;-107462,4;-96143,5;-126095,3;-17179,4;378284,2;-605345,5;-694862,1;-418458,9;0,0;0,0;0,0;0,0;0,0;960493,3;387219,5;
"Структура использования валового внутреннего продукта (в текущих рыночных ценах; в процентах к итогу)";;;;;;;;;;;;;;;;;;;;;;;;;;;;
Валовой внутренний продукт;;;;;;;;;;;;100,0;100,0;100,0;100,0;100,0;100,0;100,0;100,0;100,0;100,0;100,0;100,0;100,0;100,0;100,0;100,0;
в том числе:;;;;;;;;;;;;;;;;;;;;;;;;;;;;
расходы на конечное потребление;;;;;;;;;;;;69,2;68,2;67,0;66,3;66,1;66,8;65,9;74,1;69,6;67,6;68,8;71,3;71,3;70,1;71,6;70,5;
домашних хозяйств;;;;;;;;;;;;50,0;49,2;49,3;49,0;48,2;48,8;47,8;53,1;50,5;49,6;50,6;52,6;53,1;52,0;52,8;52,2;
государственного управления;;;;;;;;;;;;18,0;17,8;16,9;16,7;17,4;17,5;17,6;20,4;18,5;17,5;17,9;18,5;18,0;17,7;18,5;18,1;
из них:;;;;;;;;;;;;;;;;;;;;;;;;;;;;
на индивидуальные товары и услуги;;;;;;;;;;;;8,0;7,6;7,4;7,6;8,0;8,2;8,4;9,7;8,8;8,2;7,7;7,8;7,9;7,7;7,8;7,6;
на коллективные услуги;;;;;;;;;;;;10,0;10,2;9,5;9,1;9,4;9,3;9,2;10,7;9,7;9,3;10,2;10,7;10,1;10,0;10,7;10,5;
некоммерческих организаций, обслуживающих домашние хозяйства;;;;;;;;;;;;1,2;1,2;0,8;0,6;0,5;0,5;0,5;0,6;0,6;0,5;0,3;0,2;0,2;0,4;0,3;0,2;
валовое накопление;;;;;;;;;;;;20,0;20,6;20,9;20,1;21,2;24,4;25,1;18,6;22,4;24,4;24,6;23,3;22,2;21,9;23,1;24,0;
валовое накопление основного капитала2);;;;;;;;;;;;17,9;18,2;18,4;17,7;18,5;21,2;22,0;21,7;21,4;21,5;21,6;21,9;21,3;20,4;21,6;21,8;
изменение запасов материальных оборотных средств;;;;;;;;;;;;2,1;2,4;2,5;2,4;2,7;3,2;3,1;-3,1;1,1;2,9;3,0;1,4;0,9;1,5;1,5;2,2;
чистый экспорт ;;;;;;;;;;;;10,8;11,2;12,1;13,6;12,7;8,8;9,0;7,3;7,9;8,0;6,6;5,4;6,5;8,0;5,3;5,5;
    экспорт;;;;;;;;;;;;35,2;34,9;34,2;35,0;33,7;30,6;30,8;27,4;28,9;28,0;26,8;25,8;27,1;28,6;26,0;26,2;
    импорт;;;;;;;;;;;;24,4;23,7;22,1;21,4;21,0;21,8;21,8;20,1;21,0;20,0;20,2;20,4;20,6;20,6;20,7;20,7;
Индексы физического объема элементов использования валового внутреннего продукта (в процентах к предыдущему год);;;;;;;;;;;;;;;;;;;;;;;;;;;;
Валовой внутренний продукт ;;;;;;;;;;;;104,7;107,3;107,2;106,4;108,2;108,5;105,2;92,2;104,5;104,3;103,7;101,8;100,7;97,5;99,8;101,5;
расходы на конечное потребление;;;;;;;;;;;;107,0;106,1;109,4;109,1;109,5;111,2;108,6;96,1;103,5;105,3;106,5;104,1;100,9;92,2;98,1;102,6;
домашних хозяйств;;;;;;;;;;;;108,5;107,7;112,5;112,2;112,2;114,3;110,6;94,9;105,5;106,8;107,9;105,2;102,0;90,6;97,2;103,4;
государственного управления;;;;;;;;;;;;102,6;102,4;102,1;101,4;102,3;102,7;103,4;99,4;98,5;101,4;102,6;100,9;97,9;96,9;100,9;100,4;
некоммерческих организаций, обслуживающих домашние хозяйства;;;;;;;;;;;;100,8;100,1;88,9;81,7;98,3;102,7;98,6;92,0;99,5;95,1;99,0;98,8;100,0;97,0;101,0;100,2;
валовое накопление;;;;;;;;;;;;97,4;114,3;112,2;109,5;117,7;122,0;110,5;59,0;128,5;121,0;104,4;94,4;93,9;87,7;98,1;107,4;
"валовое накопление основного капитала2);3)";;;;;;;;;;;;102,8;113,9;112,6;110,6;118,0;121,0;110,6;85,6;105,9;109,1;105,0;101,3;98,2;88,8;100,8;104,3;
изменение запасов материальных оборотных средств4);;;;;;;;;;;;…;…;…;…;…;…;…;…;…;… ;… ;… ;…;…;…;…;
экспорт;;;;;;;;;;;;110,3;112,6;111,8;106,5;107,3;106,3;100,6;95,3;107,0;100,3;101,4;104,6;100,5;103,7;103,2;105,1;
импорт;;;;;;;;;;;;114,6;117,3;123,3;116,6;121,3;126,2;114,8;69,6;125,8;120,3;109,7;103,5;92,7;74,9;96,4;117,4;
1) Здесь и далее показатели раздела в составе ресурсов или использования со знаком (-) уменьшают значение итога.;;;;;;;;;;;;;;;;;;;;;;;;;;;;
2) Включая приобретение за вычетом выбытия ценностей.;;;;;;;;;;;;;;;;;;;;;;;;;;;;
"3) Начиная с 2011 г. с учетом повышения лимита стоимости активов, относящихся к материально-производственным запасам, с 20 тыс. руб. до 40 тыс. руб., в соответствии с Приказом Министерства финансов Российской Федерации от 24.12.2010 № 186Н ""О внесении изменений в нормативные правовые акты по бухгалтерскому учету и признании утратившим силу приказа Министерства финансов Российской Федерации от 15 января 1997 г. № 3"".";;;;;;;;;;;;;;;;;;;;;;;;;;;;
4) Показатель не имеет экономического смысла.;;;;;;;;;;;;;;;;;;;;;;;;;;;;
"__________
*)  Показатели системы национальных счетов, начиная с 2011 года, пересчитаны на основе положений СНС 2008 года относительно учета результатов научных исследований и разработок, способных быть востребованными на рынке, а также систем вооружения, которые включены в состав накопления основного капитала. ";;;;;;;;;;;;;;;;;;;;;;;;;;;;
