Population (Millions of people);1980;1981;1982;1983;1984;1985;1986;1987;1988;1989;1990;1991;1992;1993;1994;1995;1996;1997;1998;1999;2000;2001;2002;2003;2004;2005;2006;2007;2008;2009;2010;2011;2012;2013;2014;2015;2016;2017;2018
Afghanistan;no data;no data;no data;no data;no data;no data;no data;no data;no data;no data;no data;no data;no data;no data;no data;no data;no data;no data;no data;no data;no data;21,229;22,203;23,116;24,019;24,861;25,631;26,617;27,294;28,004;28,803;29,709;30,697;31,732;32,758;33,736;34,656;35,53;36,02
Albania;2,672;2,726;2,784;2,844;2,904;2,965;3,023;3,084;3,142;3,228;3,287;3,267;3,247;3,227;3,208;3,188;3,168;3,148;3,129;3,109;3,089;3,06;3,051;3,04;3,027;3,011;2,993;2,97;2,947;2,928;2,913;2,905;2,9;2,895;2,889;2,881;2,876;2,876;2,874
Algeria;18,666;19,246;19,864;20,516;21,175;22,2;22,8;23,4;24,1;24,7;25,022;25,643;26,271;26,894;27,496;28,06;28,566;29,045;29,507;29,965;30,506;30,954;31,414;31,885;32,366;32,855;33,351;33,858;34,591;35,268;35,978;36,717;37,495;38,297;39,114;39,963;40,836;41,721;42,578
Angola;8,91;9,151;9,393;9,639;9,894;11,149;11,467;11,76;12,079;12,41;12,742;13,124;13,518;13,923;14,341;14,771;15,214;15,671;16,141;16,625;17,124;17,637;18,166;18,711;19,273;19,851;20,446;21,06;21,692;22,342;23,013;23,703;24,414;25,147;25,901;26,681;27,503;28,377;29,25
Antigua and Barbuda;0,068;0,068;0,067;0,066;0,065;0,064;0,063;0,062;0,061;0,06;0,06;0,061;0,062;0,063;0,065;0,067;0,068;0,07;0,072;0,074;0,076;0,077;0,078;0,079;0,079;0,08;0,081;0,082;0,083;0,084;0,085;0,086;0,086;0,087;0,088;0,089;0,09;0,091;0,092
Argentina;27,95;28,45;28,93;29,34;29,84;30,35;30,74;31,09;31,47;31,86;32,53;32,97;33,42;33,917;34,353;34,779;35,196;35,604;36,005;36,399;36,784;37,156;37,516;37,87;38,226;38,592;38,971;39,356;39,746;40,134;40,788;41,261;41,733;42,203;42,67;43,132;43,59;44,072;44,56
Armenia;no data;no data;no data;no data;no data;no data;no data;no data;no data;no data;3,51;3,51;3,45;3,37;3,29;3,22;3,17;3,14;3,11;3,09;3,08;3,06;3,05;3,04;3,03;3,01;3;2,99;2,98;2,97;2,966;2,968;2,97;2,98;2,985;2,99;2,993;2,979;2,969
Aruba;no data;no data;no data;no data;no data;no data;no data;no data;no data;no data;no data;no data;no data;no data;no data;0,08;0,083;0,086;0,088;0,09;0,091;0,092;0,092;0,093;0,095;0,098;0,099;0,1;0,101;0,102;0,102;0,103;0,105;0,106;0,108;0,109;0,11;0,111;0,111
Australia;14,802;15,039;15,289;15,484;15,677;15,901;16,139;16,395;16,687;16,937;17,17;17,379;17,557;17,719;17,893;18,12;18,33;18,51;18,706;18,919;19,141;19,386;19,605;19,827;20,046;20,312;20,628;21,016;21,476;21,866;22,172;22,522;22,928;23,298;23,64;23,985;24,39;24,775;25,169
Austria;7,54;7,556;7,565;7,543;7,544;7,549;7,557;7,567;7,576;7,594;7,645;7,711;7,799;7,883;7,929;7,948;7,959;7,968;7,977;7,992;8,012;8,042;8,082;8,118;8,169;8,225;8,268;8,295;8,322;8,341;8,361;8,389;8,426;8,477;8,544;8,63;8,74;8,815;8,885
Azerbaijan;no data;no data;no data;no data;no data;no data;no data;no data;no data;no data;no data;no data;7,459;7,487;7,597;7,644;7,726;7,8;7,877;7,953;8,033;8,114;8,191;8,269;8,349;8,447;8,553;8,666;8,78;8,922;8,998;9,111;9,235;9,357;9,477;9,593;9,706;9,822;9,94
Bahamas, The;0,211;0,215;0,22;0,226;0,231;0,234;0,238;0,242;0,247;0,251;0,255;0,259;0,264;0,269;0,273;0,279;0,284;0,288;0,293;0,298;0,303;0,307;0,312;0,316;0,321;0,325;0,329;0,333;0,337;0,341;0,345;0,348;0,352;0,356;0,36;0,364;0,368;0,372;0,377
Bahrain;0,353;0,367;0,38;0,393;0,406;0,42;0,435;0,45;0,467;0,484;0,488;0,508;0,516;0,53;0,544;0,559;0,574;0,589;0,605;0,621;0,638;0,661;0,711;0,765;0,824;0,889;0,96;1,039;1,107;1,178;1,235;1,195;1,209;1,253;1,315;1,37;1,424;1,452;1,481
Bangladesh;82,498;84,764;87,061;89,4;91,804;94,288;96,852;99,477;102,133;104,779;107,386;109,935;112,431;114,898;117,369;119,87;122,401;124,945;127,479;129,967;132,383;134,73;137,006;139,186;141,235;143,135;144,869;146,457;147,97;149,503;151,125;152,862;154,695;156,595;158,217;159,857;161,513;163,187;164,877
Barbados;0,252;0,253;0,254;0,255;0,255;0,256;0,257;0,258;0,259;0,259;0,26;0,261;0,262;0,263;0,264;0,265;0,266;0,267;0,268;0,269;0,27;0,271;0,271;0,272;0,273;0,274;0,275;0,276;0,277;0,278;0,28;0,281;0,282;0,283;0,283;0,284;0,285;0,286;0,286
Belarus;no data;no data;no data;no data;no data;no data;no data;no data;no data;no data;10,19;10,195;10,217;10,24;10,228;10,177;10,142;10,093;10,045;10,019;9,99;9,957;9,9;9,831;9,763;9,697;9,63;9,579;9,542;9,514;9,5;9,481;9,465;9,464;9,468;9,481;9,498;9,505;9,492
Belgium;9,855;9,863;9,855;9,858;9,853;9,858;9,859;9,865;9,876;9,928;9,948;9,987;10,022;10,068;10,101;10,131;10,143;10,17;10,192;10,214;10,239;10,263;10,31;10,356;10,396;10,446;10,511;10,585;10,667;10,753;10,84;11,001;11,076;11,138;11,181;11,237;11,311;11,352;11,399
Belize;0,15;0,15;0,153;0,157;0,162;0,166;0,171;0,176;0,179;0,184;0,189;0,194;0,199;0,205;0,211;0,217;0,222;0,23;0,239;0,243;0,25;0,257;0,265;0,274;0,283;0,292;0,301;0,312;0,322;0,323;0,324;0,332;0,341;0,35;0,357;0,366;0,376;0,386;0,396
Benin;3,636;3,763;3,878;4,004;4,13;4,267;4,404;4,54;4,687;4,826;4,978;5,149;5,332;5,522;5,714;5,906;6,094;6,282;6,47;6,664;6,866;7,077;7,295;7,521;7,75;7,982;8,217;8,455;8,697;8,945;9,199;9,461;9,729;10,004;10,287;10,576;10,872;11,176;11,491
Bhutan;0,413;0,424;0,435;0,445;0,456;0,469;0,484;0,501;0,517;0,53;0,536;0,535;0,528;0,519;0,512;0,509;0,513;0,521;0,534;0,549;0,564;0,581;0,598;0,616;0,634;0,65;0,666;0,679;0,692;0,705;0,717;0,729;0,742;0,754;0,766;0,779;0,791;0,804;0,817
Bolivia;5,161;5,587;5,703;5,822;5,944;6,068;6,195;6,324;6,456;6,591;6,728;6,869;7,012;7,213;7,419;7,567;7,717;7,871;8,026;8,183;8,34;8,496;8,653;8,81;8,968;9,125;9,283;9,441;9,6;9,759;9,918;10,078;10,239;10,574;10,732;10,896;11,046;11,215;11,382
Bosnia and Herzegovina;no data;no data;no data;no data;no data;no data;no data;no data;no data;no data;no data;no data;no data;no data;no data;no data;3,78;3,752;3,75;3,759;3,767;3,771;3,776;3,779;3,781;3,782;3,779;3,774;3,764;3,747;3,722;3,689;3,648;3,605;3,566;3,536;3,517;3,507;3,504
Botswana;0,98;0,998;1,035;1,073;1,113;1,154;1,197;1,241;1,286;1,333;1,382;1,424;1,465;1,506;1,546;1,586;1,624;1,661;1,696;1,728;1,758;1,784;1,808;1,83;1,852;1,876;1,901;1,928;1,955;1,982;2,007;2,051;2,089;2,129;2,169;2,209;2,25;2,292;2,335
Brazil;118,563;121,213;123,885;126,573;129,273;131,978;134,653;137,268;139,819;142,307;146,593;149,094;151,547;153,986;156,431;158,875;163,538;166,104;168,693;171,256;173,766;176,209;178,499;180,708;182,865;184,991;187,062;189,038;191,01;192,981;194,891;196,604;198,315;200,004;201,718;203,476;205,157;206,805;208,495
Brunei Darussalam;no data;no data;no data;no data;no data;0,222;0,226;0,234;0,241;0,246;0,253;0,26;0,267;0,274;0,281;0,287;0,295;0,302;0,31;0,317;0,325;0,333;0,344;0,35;0,36;0,359;0,365;0,37;0,375;0,38;0,387;0,393;0,399;0,403;0,408;0,412;0,417;0,43;0,442
Bulgaria;8,808;8,834;8,859;8,881;8,897;8,903;8,901;8,889;8,865;8,826;8,771;8,697;8,607;8,507;8,407;8,312;8,225;8,162;8,105;8,067;8,15;7,891;7,846;7,801;7,761;7,719;7,679;7,64;7,607;7,564;7,505;7,327;7,285;7,246;7,202;7,154;7,102;7,05;7
Burkina Faso;6,823;6,985;7,158;7,341;7,531;7,728;7,931;8,14;8,356;8,58;8,811;9,05;9,297;9,552;9,817;10,09;10,373;10,666;10,969;11,283;11,608;11,945;12,293;12,655;13,031;13,422;13,829;14,252;14,69;15,141;15,605;16,082;16,571;17,073;17,586;18,111;18,646;19,193;19,752
Burundi;4,09;4,21;4,334;4,461;4,591;4,726;4,864;5,007;5,154;5,305;5,46;5,62;5,78;5,77;5,87;5,98;6,09;6,19;6,3;6,489;6,684;6,884;7,091;7,26;7,478;7,512;7,737;7,969;8,232;8,504;8,776;9,048;9,329;9,618;9,907;10,204;10,53;10,867;11,193
Cabo Verde;0,289;0,294;0,299;0,305;0,312;0,318;0,325;0,332;0,339;0,346;0,354;0,363;0,371;0,38;0,379;0,389;0,399;0,408;0,417;0,426;0,435;0,444;0,452;0,46;0,468;0,475;0,481;0,486;0,492;0,497;0,502;0,508;0,514;0,52;0,526;0,533;0,54;0,546;0,553
Cambodia;6,718;6,775;6,945;7,196;7,475;7,743;7,99;8,228;8,467;8,724;9,009;9,324;9,659;10,007;10,43;10,769;11,091;11,396;11,685;11,96;12,223;12,473;12,709;12,934;13,149;13,356;13,555;13,747;13,941;14,144;14,365;14,605;14,78;15,026;15,27;15,521;15,77;16,01;16,25
Cameroon;8,823;9,079;9,335;9,59;9,848;10,111;10,389;10,686;10,999;11,332;11,685;12,045;12,412;12,787;13,168;13,537;13,916;14,305;14,706;15,117;15,541;15,976;16,423;16,883;17,356;17,842;18,341;18,855;19,383;19,926;20,424;20,934;21,458;21,994;22,544;23,108;23,685;24,277;24,884
Canada;24,471;24,785;25,083;25,336;25,577;25,813;26,067;26,398;26,751;27,215;27,632;27,987;28,324;28,651;28,96;29,263;29,57;29,868;30,124;30,367;30,647;30,971;31,309;31,603;31,901;32,204;32,529;32,849;33,199;33,581;33,958;34,298;34,665;35,034;35,392;35,678;36,052;36,489;36,994
Central African Republic;2,279;2,348;2,407;2,467;2,526;2,595;2,684;2,741;2,795;2,852;2,913;2,98;3,051;3,125;3,201;3,276;3,35;3,425;3,498;3,57;3,638;3,704;3,767;3,83;3,894;3,961;4,032;4,107;4,185;4,266;4,35;4,435;4,522;4,611;4,701;4,794;4,888;4,983;5,081
Chad;4,412;4,522;4,636;4,751;4,87;4,992;5,117;5,245;5,376;5,51;5,648;5,784;5,922;6,064;6,21;6,596;6,761;6,932;7,108;7,29;7,478;7,665;7,857;8,6;8,815;9,035;9,261;9,493;9,73;9,973;10,223;10,478;10,74;11,009;11,284;11,566;11,855;12,185;12,49
Chile;11,174;11,36;11,545;11,731;11,917;12,102;12,317;12,533;12,748;12,963;13,179;13,422;13,737;13,957;14,172;14,381;14,585;14,783;14,975;15,162;15,343;15,52;15,692;15,857;16,022;16,183;16,348;16,518;16,698;16,881;17,064;17,254;17,443;17,612;17,788;17,971;18,167;18,419;18,751
China, People's Republic of;987,05;1000,72;1016,54;1030,08;1043,57;1058,51;1075,07;1093;1110,26;1127,04;1143,33;1158,23;1171,71;1185,17;1198,5;1211,21;1223,89;1236,26;1247,61;1257,86;1267,43;1276,27;1284,53;1292,27;1299,88;1307,56;1314,48;1321,29;1328,02;1334,5;1340,91;1347,35;1354,04;1360,72;1367,82;1374,62;1382,71;1390,08;1395,38
Colombia;28,447;29,08;29,718;30,36;31,004;30,794;31,433;32,092;32,764;33,443;34,125;34,834;35,53;36,208;36,863;37,49;38,1;38,6;39,2;39,7;40,296;40,814;41,329;41,849;42,368;42,889;43,406;43,927;44,451;44,979;45,51;46,045;46,582;47,121;47,662;48,203;48,748;49,292;49,834
Comoros;0,353;0,362;0,371;0,379;0,383;0,395;0,408;0,421;0,435;0,449;0,462;0,447;0,457;0,466;0,476;0,486;0,497;0,507;0,518;0,529;0,54;0,552;0,564;0,576;0,59;0,604;0,62;0,636;0,652;0,669;0,687;0,705;0,724;0,744;0,764;0,785;0,806;0,828;0,851
Congo, Dem. Rep. of the;26,314;27,182;28,079;29,006;29,963;30,952;31,973;33,028;34,118;35,244;36,407;37,608;38,85;40,132;41,456;42,824;43,91;44,838;45,734;46,649;48,049;49,449;52,602;56,09;59,835;63,845;65,939;68,087;70,291;72,553;74,877;77,267;79,585;81,972;84,432;86,964;89,573;92,261;95,028
Congo, Republic of ;1,589;1,638;1,689;1,741;1,794;1,85;1,907;1,966;2,026;2,154;2,22;2,288;2,345;2,404;2,464;2,525;2,588;2,653;2,719;2,787;2,857;2,929;3,002;3,077;3,154;3,233;3,313;3,396;3,481;3,568;3,657;3,749;3,843;3,939;4,037;4,138;4,241;4,347;4,456
Costa Rica;2,302;2,372;2,443;2,514;2,588;2,666;2,746;2,824;2,901;2,977;3,051;3,122;3,191;3,275;3,373;3,47;3,565;3,657;3,747;3,838;3,81;3,953;4,022;4,086;4,152;4,215;4,279;4,34;4,404;4,469;4,554;4,613;4,673;4,733;4,793;4,851;4,909;4,966;5,022
Croatia;no data;no data;no data;no data;no data;no data;no data;no data;no data;no data;4,517;4,81;4,73;4,624;4,524;4,453;4,494;4,572;4,501;4,554;4,381;4,305;4,305;4,306;4,439;4,442;4,44;4,436;4,434;4,429;4,418;4,281;4,268;4,256;4,238;4,204;4,174;4,125;4,089
Cyprus;0,509;0,515;0,521;0,528;0,535;0,541;0,548;0,554;0,559;0,568;0,579;0,595;0,611;0,626;0,639;0,645;0,656;0,666;0,675;0,683;0,69;0,698;0,706;0,714;0,723;0,733;0,744;0,758;0,776;0,797;0,819;0,84;0,862;0,866;0,858;0,847;0,848;0,855;0,864
Czech Republic;no data;no data;no data;no data;no data;no data;no data;no data;no data;no data;no data;no data;no data;no data;no data;10,333;10,321;10,309;10,299;10,29;10,278;10,232;10,201;10,193;10,195;10,199;10,224;10,254;10,343;10,426;10,462;10,487;10,505;10,516;10,512;10,538;10,554;10,579;10,61
C?te d'Ivoire;7,993;8,175;8,492;8,924;9,173;9,528;9,902;10,286;10,382;10,804;11,246;11,697;12,157;13,358;13,758;14,158;14,56;14,938;15,326;15,725;16,134;16,553;16,984;17,425;17,878;18,343;18,82;19,309;19,811;20,327;20,855;21,397;21,954;22,524;23,11;23,711;24,327;24,96;25,609
Denmark;5,122;5,124;5,119;5,116;5,112;5,111;5,116;5,125;5,129;5,13;5,135;5,146;5,162;5,181;5,197;5,216;5,251;5,275;5,295;5,314;5,33;5,349;5,368;5,384;5,398;5,411;5,427;5,447;5,476;5,511;5,535;5,561;5,581;5,603;5,627;5,66;5,707;5,749;5,781
Djibouti;no data;no data;no data;no data;no data;no data;no data;no data;no data;no data;0,484;0,498;0,512;0,526;0,541;0,556;0,571;0,587;0,604;0,621;0,638;0,656;0,674;0,693;0,713;0,733;0,753;0,774;0,796;0,818;0,841;0,865;0,889;0,914;0,939;0,966;0,993;1,02;1,049
Dominica;no data;0,074;0,074;0,073;0,073;0,073;0,072;0,072;0,072;0,072;0,071;0,071;0,071;0,071;0,071;0,071;0,071;0,071;0,071;0,071;0,071;0,071;0,071;0,071;0,071;0,071;0,071;0,071;0,071;0,071;0,071;0,071;0,071;0,071;0,071;0,071;0,071;0,071;0,071
Dominican Republic;5,652;5,781;5,916;6,056;6,202;6,353;6,509;6,669;6,828;6,979;7,118;7,242;7,375;7,511;7,642;7,771;7,897;8,023;8,152;8,276;8,398;8,513;8,628;8,745;8,858;8,968;9,071;9,174;9,28;9,38;9,479;9,58;9,681;9,785;9,883;9,98;10,075;10,169;10,266
Ecuador;8,03;8,261;8,495;8,733;8,971;9,211;9,451;9,691;9,944;10,189;10,43;10,671;10,912;11,15;11,38;11,598;11,798;11,987;12,168;12,347;12,531;12,815;13,094;13,32;13,552;13,721;13,965;14,215;14,473;14,738;15,012;15,266;15,521;15,775;16,027;16,279;16,529;16,777;17,023
Egypt;40,554;41,706;42,846;44,015;45,237;46,545;47,751;48,8;49,8;50,9;51,36;52,423;53,508;54,615;55,746;56,9;58,2;59,4;60,7;62;63,771;65,182;66,531;67,908;69,313;70,748;72,212;73,644;75,229;76,925;78,728;80,5;82,4;84,7;86,7;89;90,2;94,8;96,98
El Salvador;4,711;4,765;4,802;4,831;4,861;4,9;4,95;5,01;5,08;5,16;5,25;5,33;5,4;5,47;5,54;5,61;5,67;5,73;5,78;5,83;5,87;5,91;5,94;5,97;6;6,03;6,074;6,097;6,121;6,153;6,193;6,239;6,29;6,344;6,401;6,46;6,521;6,582;6,643
Equatorial Guinea;0,255;0,27;0,291;0,314;0,338;0,359;0,376;0,39;0,402;0,414;0,427;0,441;0,455;0,471;0,487;0,505;0,524;0,545;0,567;0,59;0,614;0,64;0,666;0,695;0,725;0,757;0,792;0,829;0,868;0,909;0,951;0,994;1,039;1,084;1,129;1,175;1,221;1,268;1,314
Eritrea;no data;no data;no data;no data;no data;no data;no data;no data;no data;no data;no data;no data;3,427;3,422;3,426;3,453;3,507;3,583;3,683;3,802;3,867;3,988;4,109;4,231;4,354;4,477;4,6;4,724;4,848;4,972;5,095;5,218;5,34;5,461;5,581;5,7;5,817;5,933;6,047
Estonia;no data;no data;no data;no data;no data;no data;no data;no data;no data;1,553;1,558;1,555;1,543;1,499;1,465;1,437;1,416;1,4;1,386;1,39;1,397;1,388;1,379;1,371;1,363;1,355;1,347;1,341;1,337;1,335;1,331;1,327;1,323;1,318;1,315;1,315;1,316;1,317;1,319
Eswatini;0,557;0,574;0,59;0,608;0,628;0,652;0,679;0,709;0,74;0,77;0,797;0,819;0,838;0,855;0,872;0,89;0,909;0,93;0,939;0,947;0,956;0,965;0,974;0,983;0,992;1,001;1,01;1,018;1,026;1,033;1,041;1,048;1,056;1,063;1,071;1,078;1,086;1,093;1,104
Ethiopia;34,32;35,148;36,151;37,294;38,52;39,786;41,084;42,424;43,815;45,273;46,807;48,42;50,096;51,812;53,531;55,23;56,898;58,544;60,179;61,826;63,5;65,405;67,22;71,342;73,197;75,1;77,053;79,056;80,321;81,606;82,912;84,238;85,586;86,955;88,347;89,76;91,196;92,656;94,138
Fiji;0,634;0,649;0,666;0,683;0,698;0,709;0,715;0,718;0,719;0,733;0,739;0,745;0,751;0,757;0,763;0,769;0,775;0,781;0,786;0,792;0,798;0,803;0,809;0,815;0,82;0,826;0,832;0,837;0,841;0,845;0,849;0,853;0,858;0,862;0,866;0,869;0,877;0,885;0,89
Finland;4,771;4,788;4,812;4,842;4,87;4,894;4,911;4,926;4,939;4,954;4,974;4,998;5,029;5,055;5,078;5,099;5,117;5,132;5,147;5,16;5,171;5,181;5,195;5,206;5,22;5,237;5,256;5,277;5,3;5,326;5,351;5,375;5,401;5,427;5,451;5,472;5,487;5,503;5,513
France;53,731;54,029;54,335;54,65;54,895;55,157;55,411;55,682;55,966;56,27;56,577;56,841;57,111;57,369;57,565;57,753;57,936;58,116;58,299;58,497;58,858;59,267;59,686;60,102;60,505;60,963;61,4;61,795;62,135;62,466;62,765;63,07;63,376;63,698;64,028;64,301;64,469;64,618;64,725
Gabon;0,748;0,765;0,781;0,799;0,816;0,834;0,852;0,871;0,89;0,91;0,93;0,96;0,99;1,014;1,039;1,065;1,092;1,119;1,147;1,176;1,205;1,235;1,266;1,298;1,33;1,364;1,398;1,44;1,494;1,551;1,61;1,671;1,735;1,803;1,868;1,93;1,98;2,025;2,053
Gambia, The;0,601;0,638;0,662;0,688;0,716;0,746;0,776;0,808;0,841;0,875;0,911;0,948;0,987;1,045;1,081;1,115;1,148;1,201;1,238;1,277;1,318;1,36;1,404;1,45;1,497;1,544;1,591;1,64;1,689;1,74;1,793;1,848;1,905;1,964;2,024;2,086;2,149;2,214;2,28
Georgia;no data;no data;no data;no data;no data;no data;no data;no data;no data;no data;no data;5,453;5,467;5,346;4,93;4,742;4,573;4,41;4,29;4,198;4,117;4,038;3,991;3,966;3,938;3,917;3,888;3,873;3,848;3,829;3,8;3,774;3,739;3,718;3,717;3,722;3,729;3,726;3,73
Germany;76,843;76,988;76,933;76,664;76,355;76,166;76,219;76,233;76,697;77,463;78,949;79,973;80,5;80,947;81,148;81,308;81,467;81,51;81,446;81,423;81,457;81,518;81,579;81,549;81,457;81,337;81,174;80,993;80,764;80,483;80,285;80,276;80,427;80,647;80,983;81,687;82,349;82,657;82,903
Ghana;10,704;10,961;11,226;11,501;12,296;12,572;12,859;13,155;13,462;13,779;14,106;14,443;14,791;15,15;15,52;15,902;16,297;16,703;17,121;17,55;18,912;19,397;19,883;20,371;20,859;21,367;21,876;22,388;22,901;23,417;24,659;25,261;25,867;26,479;27,092;27,707;28,324;28,94;29,555
Greece;9,584;9,701;9,758;9,821;9,872;9,92;9,949;9,985;10,016;10,058;10,121;10,273;10,367;10,431;10,49;10,536;10,588;10,629;10,693;10,748;10,776;10,836;10,888;10,916;10,94;10,97;11,005;11,036;11,061;11,095;11,119;11,123;11,086;11,004;10,927;10,858;10,784;10,768;10,741
Grenada;0,089;0,091;0,093;0,096;0,098;0,1;0,1;0,099;0,098;0,097;0,096;0,096;0,097;0,098;0,099;0,1;0,101;0,101;0,101;0,101;0,102;0,102;0,102;0,102;0,103;0,103;0,103;0,104;0,104;0,104;0,105;0,105;0,105;0,106;0,106;0,107;0,107;0,108;0,108
Guatemala;7,211;7,394;7,582;7,776;7,975;8,18;8,39;8,604;8,822;9,042;9,264;9,483;9,709;9,939;10,172;10,408;10,647;10,888;11,134;11,387;11,651;11,925;12,209;12,5;12,797;13,096;13,397;13,7;14,006;14,316;14,63;14,949;15,271;15,596;15,924;16,252;16,582;16,919;17,263
Guinea;no data;no data;no data;no data;no data;no data;no data;no data;no data;no data;6,02;6,352;6,734;7,136;7,514;7,837;8,095;8,296;8,457;8,601;8,746;8,895;9,046;9,205;9,38;9,576;9,799;10,047;10,315;10,593;10,876;11,162;11,451;11,745;12,044;12,345;12,654;12,97;13,294
Guinea-Bissau;0,782;0,798;0,815;0,832;0,85;0,867;0,886;0,903;0,921;0,94;0,959;0,98;1,003;1,025;1,048;1,072;1,095;1,119;1,144;1,169;1,194;1,219;1,246;1,272;1,299;1,328;1,356;1,386;1,417;1,449;1,46;1,492;1,525;1,559;1,593;1,628;1,664;1,7;1,738
Guyana;0,764;0,765;0,765;0,763;0,759;0,754;0,748;0,742;0,735;0,726;0,72;0,718;0,718;0,72;0,723;0,727;0,73;0,734;0,737;0,74;0,742;0,743;0,743;0,743;0,742;0,742;0,744;0,746;0,748;0,751;0,753;0,756;0,758;0,761;0,764;0,767;0,773;0,778;0,782
Haiti;5,935;6,042;6,15;6,261;6,374;6,489;6,606;6,725;6,805;6,943;7,086;7,218;7,359;7,511;7,673;7,82;7,966;8,112;8,258;8,404;8,549;8,693;8,835;8,977;9,119;9,263;9,409;9,557;9,705;9,853;10;10,145;10,289;10,431;10,572;10,711;10,848;10,983;11,117
Honduras;3,673;3,79;3,908;4,029;4,154;4,283;4,411;4,544;4,68;4,816;4,955;5,1;5,248;5,399;5,553;5,709;5,868;6,029;6,192;6,357;6,524;6,693;6,863;7,034;7,204;7,373;7,541;7,708;7,873;8,035;8,195;8,352;8,506;8,658;8,809;8,961;9,115;9,272;9,432
Hong Kong SAR;5,096;5,217;5,297;5,388;5,469;5,539;5,605;5,637;5,712;5,767;5,793;5,856;5,929;6,04;6,162;6,314;6,467;6,517;6,583;6,638;6,712;6,73;6,726;6,764;6,798;6,838;6,904;6,938;6,964;6,996;7,052;7,11;7,171;7,211;7,253;7,31;7,377;7,413;7,486
Hungary;10,71;10,706;10,695;10,672;10,641;10,599;10,56;10,509;10,464;10,422;10,375;10,373;10,374;10,365;10,35;10,337;10,321;10,301;10,28;10,253;10,222;10,2;10,175;10,142;10,117;10,098;10,077;10,066;10,045;10,031;10,014;9,986;9,932;9,909;9,877;9,856;9,83;9,798;9,778
Iceland;0,227;0,229;0,232;0,236;0,238;0,241;0,242;0,244;0,248;0,252;0,254;0,256;0,26;0,262;0,265;0,267;0,268;0,27;0,272;0,276;0,279;0,283;0,287;0,288;0,291;0,294;0,3;0,308;0,315;0,319;0,318;0,318;0,32;0,322;0,326;0,329;0,333;0,338;0,348
India;685,5;700;715,5;731;747;763;779,5;796,5;813,5;830,5;847,5;864;882;901;919;937;955;973,5;992;1010;1029,5;1047,134;1064,593;1081,907;1099,118;1116,257;1133,328;1150,316;1167,212;1184;1200,664;1217,197;1233,588;1249,817;1266,259;1282,918;1299,796;1316,896;1334,221
Indonesia;147,49;150,406;153,379;156,41;159,502;162,655;165,87;169,149;172,492;175,902;179,379;182,354;185,378;188,452;191,578;194,755;197,004;199,28;201,581;203,909;206,265;209,206;212,19;215,216;218,285;221,398;224,555;227,758;231,006;234,3;237,641;241,991;245,425;248,818;252,165;255,588;258,497;261,356;264,162
Iran;39,291;40,826;42,42;44,077;45,798;47,587;49,445;50,662;51,909;53,187;54,496;55,837;56,656;57,488;58,331;59,187;60,055;61,07;62,103;63,152;64,219;65,301;66,3;67,315;68,345;69,39;70,496;71,366;72,266;73,196;74,157;75,15;76,038;76,942;78,47;79,476;80,46;81,423;82,36
Iraq;no data;no data;no data;no data;no data;no data;no data;no data;no data;no data;no data;no data;no data;no data;no data;no data;no data;no data;no data;no data;no data;no data;no data;25,96;26,674;27,377;28,064;28,741;29,43;30,163;30,962;31,76;32,578;33,417;35;35,213;36,169;37,14;38,124
Ireland;3,427;3,47;3,506;3,531;3,556;3,567;3,567;3,573;3,558;3,536;3,532;3,552;3,582;3,601;3,613;3,629;3,654;3,692;3,731;3,773;3,828;3,889;3,956;4,021;4,1;4,2;4,321;4,445;4,516;4,547;4,568;4,585;4,605;4,631;4,667;4,714;4,771;4,826;4,886
Israel;3,92;3,948;4,018;4,104;4,157;4,231;4,296;4,366;4,439;4,516;4,658;4,946;5,124;5,259;5,395;5,542;5,682;5,824;5,967;6,117;6,286;6,436;6,567;6,687;6,806;6,927;7,052;7,176;7,307;7,482;7,621;7,763;7,907;8,056;8,212;8,377;8,543;8,71;8,881
Italy;56,388;56,479;56,524;56,563;56,565;56,588;56,598;56,594;56,609;56,649;56,694;56,744;56,773;56,821;56,842;56,844;56,844;56,876;56,904;56,909;56,924;56,961;56,999;57,2;57,625;58,065;58,316;58,54;59,034;59,449;59,707;59,952;60,168;60,51;60,783;60,796;60,666;60,589;60,484
Jamaica;2,112;2,15;2,186;2,23;2,235;2,269;2,29;2,306;2,32;2,324;2,365;2,381;2,399;2,419;2,44;2,462;2,485;2,509;2,534;2,559;2,582;2,605;2,627;2,647;2,666;2,682;2,696;2,708;2,719;2,73;2,741;2,755;2,769;2,784;2,799;2,814;2,829;2,844;2,86
Japan;116,769;117,623;118,451;119,271;120,05;120,8;121,446;122,031;122,548;123,028;123,438;123,928;124,367;124,77;125,116;125,436;125,711;126,011;126,349;126,587;126,831;127,132;127,4;127,634;127,734;127,752;127,746;127,757;127,692;127,551;127,594;127,831;127,552;127,333;127,12;126,978;126,96;126,746;126,495
Jordan;2,374;2,461;2,56;2,667;2,78;2,896;3,011;3,128;3,253;3,395;3,561;3,753;3,968;4,189;4,396;4,573;4,716;4,832;4,928;5,015;5,103;5,193;5,287;5,397;5,536;5,714;5,934;6,193;6,49;6,821;7,182;7,575;7,993;8,413;8,809;9,159;9,456;9,702;9,904
Kazakhstan;no data;no data;no data;no data;no data;no data;no data;no data;no data;no data;no data;no data;17,048;16,9;15,8;15,676;15,481;15,188;14,955;14,902;14,866;14,851;14,867;14,951;15,075;15,219;15,397;15,572;15,982;16,203;16,441;16,674;16,91;17,161;17,416;17,67;17,918;18,157;18,396
Kenya;15,74;16,327;16,92;17,498;18,095;18,712;19,351;20,011;20,694;21,4;22,037;22,694;23,37;24,066;24,783;25,521;26,281;27,064;27,87;28,7;29,494;30,309;31,147;32,009;32,894;33,803;34,738;35,698;36,686;37,7;38,5;39,5;40,7;41,8;43;44,2;45,451;46,729;48,033
Kiribati;0,058;0,06;0,062;0,061;0,062;0,064;0,065;0,067;0,069;0,071;0,072;0,073;0,074;0,075;0,077;0,078;0,079;0,08;0,082;0,083;0,084;0,086;0,088;0,089;0,091;0,093;0,095;0,097;0,099;0,101;0,103;0,104;0,106;0,107;0,109;0,11;0,112;0,113;0,115
Korea, Republic of;38,124;38,723;39,326;39,91;40,406;40,806;41,214;41,622;42,031;42,449;42,869;43,296;43,748;44,195;44,642;45,093;45,525;45,954;46,287;46,617;47,008;47,37;47,645;47,892;48,083;48,185;48,438;48,684;49,055;49,308;49,554;49,937;50,2;50,429;50,747;51,015;51,218;51,426;51,635
Kosovo;no data;no data;no data;no data;no data;no data;no data;no data;no data;no data;no data;no data;no data;no data;no data;no data;no data;no data;no data;no data;1,472;1,472;1,511;1,537;1,631;1,651;1,674;1,699;1,72;1,747;1,775;1,78;1,816;1,821;1,805;1,772;1,784;1,799;1,793
Kuwait;1,37;1,432;1,497;1,566;1,6;1,7;1,8;1,9;2;2,1;2,13;1,36;1,42;1,48;1,83;1,96;2,09;2,209;2,271;2,255;2,217;2,309;2,42;2,547;2,754;2,991;3,183;3,4;3,442;3,485;3,582;3,697;3,807;3,892;4,039;4,183;4,329;4,45;4,574
Kyrgyz Republic;no data;no data;no data;no data;no data;no data;no data;no data;no data;no data;no data;no data;4,411;4,485;4,505;4,525;4,596;4,661;4,732;4,806;4,875;4,922;4,968;5,013;5,073;5,136;5,189;5,248;5,289;5,348;5,418;5,478;5,552;5,663;5,777;5,895;6,019;6,14;6,257
Lao P.D.R.;3,209;3,27;3,345;3,431;3,525;3,622;3,724;3,83;3,94;4,053;4,206;4,33;4,457;4,584;4,708;4,827;4,941;5,05;5,145;5,235;5,324;5,41;5,493;5,577;5,662;5,752;5,846;5,945;6,047;6,149;6,249;6,348;6,445;6,541;6,64;6,741;6,846;6,953;7,062
Latvia;no data;no data;no data;no data;no data;no data;no data;no data;no data;no data;no data;no data;2,677;2,669;2,627;2,501;2,47;2,445;2,421;2,399;2,382;2,353;2,321;2,299;2,277;2,25;2,228;2,209;2,192;2,163;2,121;2,075;2,045;2,024;2,001;1,986;1,969;1,95;1,934
Lebanon;2,55;2,531;2,521;2,521;2,521;2,55;2,588;2,617;2,645;2,674;2,703;2,752;2,822;2,901;2,975;3,033;3,071;3,093;3,114;3,157;3,235;3,36;3,523;3,701;3,863;3,987;4,057;4,086;4,111;4,183;4,337;4,588;4,916;5,276;5,603;5,851;6,007;6,082;6,094
Lesotho;1,281;1,315;1,349;1,384;1,358;1,39;1,425;1,492;1,532;1,576;1,621;1,643;1,708;1,749;1,786;1,877;1,862;1,864;1,865;1,867;1,868;1,869;1,871;1,872;1,874;1,875;1,877;1,889;1,902;1,915;1,928;1,941;1,954;1,967;1,98;1,994;2,007;2,021;2,034
Liberia;1,737;1,8;1,869;1,934;1,986;2,016;2,025;2,015;1,991;1,96;1,929;1,895;1,86;1,839;1,851;1,907;2,015;2,169;2,346;2,515;2,653;2,751;2,817;2,866;2,921;2,999;3,105;3,231;3,369;3,505;3,631;3,743;3,845;3,942;4,038;4,138;4,243;4,352;4,463
Libya;2,988;3,126;3,273;3,411;3,558;3,539;3,676;3,834;4,325;4,522;4,26;4,36;4,46;4,56;4,65;4,75;4,84;4,92;5,01;5,09;5,18;5,26;5,34;5,42;5,51;5,59;5,69;5,78;5,88;5,96;6,041;5,923;6,283;6,266;6,259;6,322;6,385;6,448;6,513
Lithuania;no data;no data;no data;no data;no data;no data;no data;no data;no data;no data;no data;no data;no data;no data;no data;3,629;3,602;3,575;3,549;3,524;3,5;3,471;3,443;3,415;3,377;3,323;3,27;3,231;3,198;3,163;3,097;3,028;2,988;2,958;2,932;2,905;2,868;2,828;2,806
Luxembourg;0,364;0,365;0,366;0,366;0,366;0,367;0,368;0,371;0,374;0,378;0,382;0,387;0,392;0,398;0,404;0,406;0,412;0,417;0,422;0,427;0,434;0,439;0,444;0,448;0,455;0,461;0,469;0,476;0,484;0,494;0,502;0,512;0,525;0,537;0,55;0,563;0,576;0,591;0,602
Macao SAR;no data;no data;no data;no data;no data;no data;no data;no data;no data;no data;no data;no data;no data;no data;no data;no data;no data;no data;no data;no data;no data;0,436;0,441;0,447;0,463;0,484;0,513;0,538;0,549;0,542;0,552;0,557;0,582;0,608;0,636;0,647;0,645;0,653;0,667
Madagascar;8,747;8,983;9,221;9,462;9,714;9,981;10,264;10,563;10,878;11,206;11,546;11,898;12,264;12,644;13,04;13,453;13,883;14,329;14,79;15,263;15,745;16,236;16,736;17,245;17,763;18,29;18,826;19,371;19,927;20,496;21,08;21,679;22,294;22,925;23,572;24,235;24,916;25,613;26,326
Malawi;6,564;6,748;6,923;7,116;7,368;7,7;8,133;8,647;9,185;9,667;10,039;10,275;10,4;10,461;10,533;10,666;10,876;11,148;11,458;11,774;12,07;12,343;12,813;13,098;13,385;13,654;14,043;14,439;14,846;15,274;15,714;16,166;16,632;17,111;17,604;18,111;18,632;19,169;19,721
Malaysia;13,885;14,229;14,592;14,955;15,328;15,823;16,257;16,681;17,094;17,508;18,267;18,547;19,068;19,602;20,142;20,682;21,223;21,769;22,334;22,91;23,495;24,123;24,727;25,32;25,905;26,477;26,832;27,1;27,6;28,082;28,589;29,062;29,51;30,214;30,709;31,186;31,634;32,023;32,385
Maldives;0,152;0,158;0,163;0,169;0,175;0,182;0,189;0,193;0,198;0,204;0,212;0,222;0,228;0,234;0,24;0,245;0,25;0,255;0,261;0,266;0,27;0,276;0,281;0,285;0,289;0,294;0,299;0,305;0,31;0,315;0,32;0,325;0,331;0,336;0,342;0,348;0,354;0,36;0,366
Mali;7,09;7,09;7,234;7,388;7,544;7,694;7,832;7,955;8,068;8,181;8,31;8,465;8,653;8,868;9,105;9,353;9,604;9,857;10,114;10,381;10,664;10,968;11,293;11,639;12,005;12,392;12,799;13,227;13,676;14,138;14,607;15,075;15,541;16,007;16,478;16,963;17,468;17,995;18,542
Malta;0,315;0,318;0,32;0,332;0,329;0,332;0,341;0,343;0,346;0,349;0,352;0,362;0,366;0,369;0,373;0,376;0,378;0,381;0,384;0,386;0,389;0,391;0,395;0,397;0,4;0,403;0,405;0,406;0,408;0,411;0,414;0,415;0,418;0,423;0,429;0,44;0,45;0,46;0,476
Marshall Islands;no data;no data;no data;no data;no data;no data;no data;no data;no data;no data;no data;no data;no data;no data;no data;no data;no data;0,049;0,05;0,051;0,051;0,051;0,05;0,05;0,05;0,051;0,051;0,052;0,052;0,052;0,053;0,053;0,053;0,054;0,054;0,054;0,054;0,054;0,055
Mauritania;no data;no data;no data;no data;no data;no data;no data;no data;no data;no data;1,996;2,05;2,108;2,167;2,228;2,292;2,358;2,425;2,495;2,568;2,643;2,72;2,8;2,882;2,965;3,047;2,953;3,036;3,119;3,202;3,285;3,369;3,454;3,537;3,621;3,706;3,794;3,881;3,97
Mauritius;0,966;0,98;0,993;1,002;1,012;1,021;1,028;1,036;1,043;1,051;1,059;1,07;1,084;1,097;1,113;1,122;1,134;1,148;1,16;1,175;1,187;1,196;1,205;1,213;1,221;1,228;1,234;1,24;1,244;1,247;1,25;1,252;1,256;1,259;1,261;1,263;1,264;1,265;1,266
Mexico;69,361;70,992;72,603;74,197;75,781;77,361;78,934;80,503;82,084;83,698;87,065;88,631;90,133;91,601;93,055;94,49;95,877;97,205;98,485;99,706;100,896;102,122;103,418;104,72;105,952;107,151;108,409;109,787;111,299;112,853;114,256;115,683;117,054;118,395;119,713;121,006;122,273;123,518;124,738
Micronesia, Fed. States of;no data;no data;no data;no data;no data;no data;no data;no data;no data;no data;no data;no data;no data;no data;no data;0,106;0,106;0,106;0,107;0,107;0,107;0,107;0,106;0,106;0,106;0,106;0,105;0,104;0,104;0,103;0,103;0,102;0,102;0,102;0,102;0,102;0,102;0,102;0,102
Moldova;no data;no data;no data;no data;no data;no data;no data;no data;no data;no data;no data;no data;3,689;3,679;3,684;3,679;3,668;3,656;3,65;3,644;3,635;3,628;3,618;3,607;3,6;3,59;3,581;3,573;3,568;3,564;3,56;3,56;3,559;3,558;3,555;3,553;3,551;3,547;3,544
Mongolia;no data;no data;no data;no data;no data;no data;no data;no data;no data;no data;2,078;2,129;2,169;2,189;2,21;2,243;2,276;2,307;2,34;2,373;2,403;2,432;2,466;2,495;2,522;2,551;2,583;2,62;2,666;2,716;2,761;2,812;2,868;2,93;2,996;3,058;3,12;3,178;3,238
Montenegro;no data;no data;no data;no data;no data;no data;no data;no data;no data;no data;no data;no data;no data;no data;no data;no data;no data;no data;no data;no data;0,612;0,615;0,615;0,615;0,615;0,615;0,615;0,616;0,617;0,618;0,619;0,62;0,621;0,621;0,622;0,622;0,622;0,622;0,623
Morocco;19,432;19,938;20,459;20,944;21,441;21,951;22,469;23,002;23,528;24,075;24,167;24,634;25,095;25,549;25,996;26,384;26,761;27,14;27,519;27,9;28,283;28,666;29,051;29,438;29,826;30,215;30,606;30,998;31,391;31,786;32,182;32,579;32,978;33,378;33,77;34,125;34,487;34,852;35,22
Mozambique;12,142;12,439;12,729;12,993;13,201;13,339;13,391;13,375;13,349;13,395;13,568;13,894;14,35;14,893;15,453;15,982;16,463;16,915;17,351;17,798;18,276;18,786;19,32;19,873;20,439;21,01;21,738;22,36;22,995;23,648;24,321;25,017;25,733;26,467;27,216;27,978;28,751;29,538;30,339
Myanmar;no data;no data;no data;no data;no data;no data;no data;no data;no data;no data;no data;no data;no data;no data;no data;no data;no data;no data;45,296;45,874;46,379;46,801;47,153;47,455;47,74;48,033;48,338;48,653;48,983;49,334;49,708;50,11;50,537;50,979;51,419;51,846;52,254;52,645;52,832
Namibia;no data;no data;no data;no data;no data;no data;no data;no data;no data;1,284;1,345;1,403;1,455;1,504;1,549;1,594;1,643;1,696;1,75;1,805;1,828;1,83;1,86;1,891;1,923;1,957;1,992;1,994;2,024;2,054;2,085;2,116;2,155;2,196;2,238;2,281;2,324;2,369;2,414
Nauru;no data;no data;no data;no data;no data;no data;no data;no data;no data;no data;no data;no data;no data;no data;no data;no data;no data;no data;no data;no data;no data;no data;no data;no data;0,01;0,01;0,009;0,009;0,009;0,01;0,01;0,01;0,01;0,011;0,012;0,012;0,013;0,013;0,013
Nepal;15,022;15,372;15,733;16,103;16,479;16,858;17,24;17,624;18,021;18,445;18,905;19,406;19,938;20,49;21,041;21,576;22,09;22,585;23,058;23,51;23,941;24,347;24,726;25,081;25,419;25,745;26,067;26,383;26,667;26,884;27,013;27,041;26,99;26,918;26,907;27,015;27,261;27,627;28,088
Netherlands;14,091;14,209;14,286;14,34;14,395;14,454;14,529;14,615;14,715;14,805;14,893;15,01;15,129;15,239;15,342;15,424;15,494;15,567;15,654;15,76;15,864;15,987;16,105;16,193;16,258;16,306;16,334;16,358;16,405;16,486;16,575;16,656;16,73;16,78;16,829;16,901;16,979;17,082;17,181
New Zealand;3,126;3,143;3,167;3,198;3,23;3,261;3,291;3,32;3,351;3,385;3,425;3,516;3,552;3,598;3,648;3,707;3,762;3,803;3,829;3,851;3,873;3,916;3,99;4,062;4,114;4,161;4,209;4,246;4,28;4,332;4,374;4,399;4,426;4,476;4,555;4,647;4,747;4,844;4,93
Nicaragua;no data;no data;no data;no data;no data;no data;no data;no data;no data;no data;no data;no data;no data;no data;4,299;4,427;4,549;4,669;4,763;4,859;4,957;5,059;5,162;5,268;5,375;5,483;5,523;5,596;5,669;5,742;5,816;5,997;6,071;6,134;6,198;6,263;6,328;6,394;6,46
Niger;5,794;5,991;6,199;6,415;6,634;6,854;7,076;7,303;7,534;7,772;8,019;8,282;8,564;8,861;9,171;9,49;9,827;10,178;10,546;10,93;11,332;11,751;12,19;12,648;13,126;13,624;14,144;14,685;15,251;15,843;16,464;17,115;17,795;18,504;19,24;20,002;20,789;21,602;22,443
Nigeria;73,424;75,441;77,428;79,415;81,449;83,563;85,766;88,048;90,395;92,788;95,212;97,668;100,162;102,701;105,294;107,948;110,669;113,458;116,32;119,26;122,284;125,394;128,596;131,901;135,32;138,865;142,538;146,34;150,27;154,325;158,503;162,805;167,229;171,766;176,405;181,137;185,96;190,873;195,875
North Macedonia ;no data;no data;no data;no data;no data;no data;no data;no data;no data;no data;no data;no data;1,933;1,942;1,952;1,963;1,977;1,983;1,993;2,002;2,01;2,016;2,022;2,026;2,033;2,037;2,042;2,045;2,049;2,053;2,057;2,06;2,062;2,066;2,069;2,071;2,074;2,075;2,077
Norway;4,092;4,107;4,123;4,134;4,146;4,159;4,174;4,198;4,221;4,233;4,25;4,274;4,299;4,325;4,348;4,37;4,393;4,413;4,441;4,473;4,501;4,519;4,547;4,573;4,599;4,632;4,672;4,722;4,787;4,843;4,908;4,973;5,038;5,096;5,156;5,205;5,252;5,29;5,324
Oman;1,357;1,47;1,47;1,583;1,696;1,696;1,809;1,922;1,922;2,035;1,843;1,91;1,979;2,047;2,112;2,172;2,225;2,274;2,318;2,361;2,402;2,443;2,484;2,526;2,57;2,618;2,67;2,726;2,785;2,883;2,885;2,993;3,291;3,594;3,717;3,778;4,009;4,142;4,179
Pakistan;80,379;82,756;85,203;87,651;90,098;92,565;95,071;97,597;100,152;102,726;105,7;108,04;112,61;115,54;118,5;121,48;124,49;127,51;130,56;133,61;136,64;140,36;143,17;146,75;149,65;152,53;155,37;158,17;164,66;168,18;171,73;175,31;178,91;182,53;186,19;189,87;193,56;197,26;200,96
Palau;no data;no data;no data;no data;no data;no data;no data;no data;no data;no data;no data;no data;no data;no data;no data;no data;no data;no data;no data;no data;0,019;0,019;0,019;0,02;0,02;0,02;0,02;0,019;0,019;0,019;0,018;0,018;0,018;0,017;0,017;0,018;0,018;0,018;0,018
Panama;1,982;2,03;2,078;2,127;2,176;2,225;2,274;2,324;2,374;2,424;2,474;2,527;2,581;2,636;2,691;2,747;2,804;2,862;2,921;2,98;3,041;3,102;3,164;3,227;3,289;3,351;3,413;3,476;3,538;3,6;3,662;3,724;3,788;3,851;3,913;3,975;4,037;4,098;4,159
Papua New Guinea;2,96;3,04;3,11;3,18;3,25;3,33;3,4;3,35;3,45;3,6;3,758;3,875;4,181;4,288;4,401;4,52;4,64;4,761;4,883;5,006;5,13;5,256;5,384;5,515;5,647;5,781;5,917;6,056;6,196;6,339;6,684;7,047;7,431;7,593;7,756;7,92;8,085;8,254;8,426
Paraguay;3,151;3,245;3,342;3,442;3,545;3,652;3,767;3,887;4,01;4,138;4,138;4,406;4,496;4,588;4,681;4,777;4,874;4,974;5,075;5,179;5,284;5,385;5,485;5,583;5,682;5,78;5,877;5,975;6,072;6,169;6,266;6,363;6,461;6,559;6,657;6,756;6,855;6,954;7,053
Peru;17,333;17,769;18,206;18,644;19,084;19,526;19,973;20,425;20,878;21,326;21,765;22,204;22,64;23,073;23,502;23,926;24,348;24,768;25,182;25,589;25,984;26,367;26,739;27,103;27,46;27,811;28,151;28,482;28,807;29,132;29,462;29,798;30,136;30,475;30,814;31,152;31,489;31,826;32,162
Philippines;47,88;49,089;50,318;51,586;52,864;54,172;55,49;56,877;58,165;59,553;60,94;62,36;63,82;65,32;66,84;68,41;71,9;73,53;75,36;76,99;77,02;78,59;80,28;81,88;83,56;85,26;86,97;88,71;89,44;91,02;92,6;94,18;96,5;98,19;99,88;101,56;103,24;104,92;106,6
Poland;35,567;35,887;36,216;36,731;37,049;37,327;37,558;37,75;37,786;37,824;38,186;38,286;38,386;38,501;38,581;38,581;38,609;38,639;38,66;38,667;38,263;38,254;38,242;38,219;38,191;38,174;38,157;38,125;38,116;38,136;38,023;38,063;38,064;38,063;38,018;38,006;37,967;37,973;37,977
Portugal;9,766;9,851;9,912;9,958;9,996;10,024;10,033;10,03;10,02;10,005;9,983;9,96;9,953;9,965;9,992;10,026;10,064;10,109;10,16;10,218;10,29;10,363;10,42;10,459;10,484;10,503;10,522;10,543;10,558;10,568;10,573;10,558;10,515;10,457;10,401;10,358;10,326;10,3;10,279
Puerto Rico;3,203;3,229;3,257;3,286;3,317;3,349;3,382;3,417;3,454;3,492;3,528;3,551;3,575;3,6;3,627;3,655;3,685;3,716;3,748;3,782;3,811;3,819;3,824;3,826;3,827;3,821;3,805;3,783;3,761;3,74;3,722;3,679;3,634;3,593;3,535;3,474;3,411;3,3;3,2
Qatar;0,245;0,265;0,285;0,306;0,326;0,345;0,362;0,377;0,392;0,408;0,477;0,485;0,49;0,492;0,495;0,501;0,512;0,529;0,55;0,572;0,594;0,612;0,63;0,66;0,72;0,821;0,968;1,152;1,554;1,639;1,715;1,733;1,833;2,004;2,216;2,438;2,618;2,657;2,719
Romania;22,442;22,576;22,683;22,775;22,868;22,971;23,093;23,224;23,346;23,431;23,459;23,423;23,333;23,205;23,064;22,927;22,8;22,679;22,565;22,458;22,435;22,408;21,795;21,628;21,521;21,382;21,257;21,131;20,636;20,44;20,295;20,199;20,096;20,02;19,953;19,876;19,761;19,644;19,524
Russian Federation;no data;no data;no data;no data;no data;no data;no data;no data;no data;147,729;148,3;148,3;148,6;148,4;148,5;148,3;148,3;147,8;147,5;146,9;146,3;145,2;145;144,3;143,8;143,2;142,8;142,8;142,7;142,8;142,9;143;143,3;143,7;146,3;146,5;146,8;146,9;146,8
Rwanda;4,654;4,825;5,006;5,195;5,321;5,502;5,691;5,89;6,097;6,304;6,453;6,652;6,656;6,247;5,79;5,468;5,406;5,66;6,176;6,843;7,495;8,013;8,361;8,578;8,711;8,833;9;9,2;9,5;9,7;10;10,2;10,5;10,739;11,003;11,263;11,533;11,811;12,091
Saint Kitts and Nevis;0,043;0,043;0,043;0,043;0,042;0,042;0,042;0,041;0,041;0,041;0,041;0,041;0,041;0,042;0,042;0,043;0,043;0,044;0,044;0,045;0,045;0,046;0,047;0,047;0,048;0,049;0,049;0,05;0,05;0,051;0,051;0,052;0,053;0,053;0,054;0,054;0,055;0,055;0,056
Saint Lucia;0,116;0,118;0,12;0,121;0,123;0,125;0,127;0,129;0,13;0,133;0,134;0,136;0,138;0,139;0,142;0,145;0,147;0,15;0,152;0,154;0,156;0,158;0,159;0,161;0,162;0,164;0,166;0,168;0,17;0,165;0,166;0,167;0,169;0,171;0,173;0,174;0,176;0,177;0,179
Saint Vincent and the Grenadines;0,098;0,099;0,1;0,101;0,102;0,102;0,103;0,104;0,104;0,105;0,106;0,106;0,106;0,106;0,106;0,106;0,106;0,106;0,106;0,106;0,106;0,106;0,107;0,107;0,108;0,108;0,109;0,109;0,109;0,109;0,109;0,11;0,11;0,11;0,11;0,11;0,11;0,11;0,11
Samoa;no data;no data;no data;no data;no data;no data;no data;no data;no data;no data;no data;no data;no data;no data;no data;no data;no data;no data;0,173;0,174;0,175;0,176;0,177;0,178;0,179;0,18;0,181;0,182;0,184;0,185;0,186;0,188;0,189;0,191;0,192;0,194;0,196;0,198;0,199
San Marino;no data;no data;no data;no data;no data;no data;no data;no data;no data;no data;no data;no data;no data;no data;no data;no data;no data;no data;no data;no data;no data;no data;no data;no data;no data;no data;no data;0,03;0,03;0,031;0,031;0,032;0,032;0,032;0,033;0,033;0,033;0,033;0,033
Saudi Arabia;9,32;9,786;10,276;10,79;11,33;11,897;12,492;13,118;13,774;14,463;15,187;15,947;16,948;17,277;17,701;18,136;18,581;19,037;19,504;19,983;20,474;20,976;21,491;22,02;22,564;23,33;24,122;24,941;25,787;26,661;27,563;28,376;29,196;29,994;30,34;31,062;31,788;32,613;33,414
Senegal;5,676;5,831;5,996;6,17;6,353;6,544;6,744;6,952;7,166;7,382;7,599;7,814;8,03;8,272;8,512;8,747;8,974;9,197;9,418;9,646;9,884;10,134;10,397;10,671;10,956;11,251;11,557;11,874;12,204;12,551;12,916;13,301;13,704;14,12;14,546;14,977;15,412;15,851;16,302
Serbia;no data;no data;no data;no data;no data;no data;no data;no data;no data;no data;no data;no data;no data;no data;no data;no data;no data;7,597;7,568;7,54;7,516;7,503;7,5;7,481;7,463;7,441;7,412;7,382;7,35;7,321;7,291;7,237;7,201;7,167;7,132;7,095;7,058;7,021;6,993
Seychelles;0,063;0,064;0,064;0,064;0,065;0,065;0,066;0,068;0,069;0,069;0,07;0,07;0,071;0,072;0,074;0,075;0,076;0,077;0,079;0,08;0,081;0,081;0,083;0,083;0,082;0,083;0,085;0,085;0,087;0,087;0,09;0,087;0,088;0,09;0,091;0,093;0,094;0,094;0,095
Sierra Leone;3,469;3,554;3,628;3,714;3,735;3,809;3,894;3,98;4,065;4,16;4,221;4,246;4,24;4,216;4,193;4,185;4,192;4,214;4,261;4,343;4,465;4,633;4,841;5,072;5,301;5,51;5,693;5,853;5,997;6,136;6,279;6,426;6,574;6,724;6,939;7,092;7,248;7,408;7,571
Singapore;2,414;2,533;2,646;2,681;2,732;2,736;2,733;2,775;2,846;2,931;3,047;3,135;3,231;3,313;3,419;3,525;3,671;3,796;3,927;3,959;4,028;4,138;4,176;4,115;4,167;4,266;4,401;4,589;4,839;4,988;5,077;5,184;5,312;5,399;5,47;5,535;5,607;5,612;5,639
Slovak Republic;no data;no data;no data;no data;no data;no data;no data;no data;no data;no data;no data;no data;no data;5,337;5,367;5,397;5,408;5,379;5,388;5,393;5,399;5,379;5,379;5,375;5,372;5,373;5,373;5,373;5,376;5,382;5,39;5,392;5,404;5,411;5,416;5,421;5,426;5,435;5,443
Slovenia;no data;no data;no data;no data;no data;no data;no data;no data;no data;no data;no data;no data;1,999;1,989;1,989;1,989;1,99;1,987;1,985;1,978;1,988;1,99;1,994;1,995;1,996;1,998;2,003;2,01;2,01;2,032;2,047;2,05;2,055;2,059;2,061;2,063;2,064;2,066;2,068
Solomon Islands;0,231;0,238;0,247;0,255;0,263;0,271;0,279;0,287;0,295;0,303;0,312;0,321;0,33;0,339;0,349;0,359;0,369;0,38;0,39;0,401;0,412;0,424;0,435;0,446;0,458;0,469;0,481;0,492;0,504;0,515;0,526;0,538;0,55;0,562;0,575;0,588;0,601;0,614;0,627
South Africa;29,08;29,83;30,61;31,41;32,21;32,98;33,73;34,46;35,2;35,97;36,79;37,69;38,65;39,62;40,56;41,43;42,21;42,92;43,58;44,23;44,9;45,724;46,355;46,806;47,31;47,86;48,446;49,089;49,795;50,545;51,329;52,129;52,93;53,751;54,574;55,407;56,252;57,098;57,939
South Sudan, Republic of;no data;no data;no data;no data;no data;no data;no data;no data;no data;no data;no data;no data;no data;no data;no data;no data;no data;no data;no data;no data;no data;no data;no data;no data;no data;no data;no data;no data;no data;no data;no data;10,449;10,818;11,177;11,531;11,882;12,231;12,585;12,976
Spain;37,656;38,014;38,217;38,397;38,55;38,686;38,798;38,888;38,971;39,048;39,117;39,221;39,35;39,473;39,579;39,672;39,764;39,869;40,008;40,215;40,554;40,766;41,424;42,196;42,859;43,663;44,361;45,236;45,983;46,368;46,562;46,736;46,766;46,593;46,455;46,41;46,399;46,408;46,449
Sri Lanka;15,557;15,767;15,965;16,152;16,325;16,486;16,649;16,815;16,984;17,155;17,33;17,54;17,741;17,929;18,098;18,247;18,372;18,477;18,571;18,669;18,782;18,913;19,059;19,215;19,373;19,525;19,67;19,811;19,946;20,075;20,198;20,315;20,425;20,585;20,771;20,966;21,203;21,444;21,688
Sudan;18,68;19,24;19,8;20,36;21,311;21,908;22,521;23,152;23,6;24,2;25,75;26,53;27,32;28,13;28,95;27,95;28,6;29,2;29,8;30,4;31,1;31,9;32,7;33,6;34,474;35,3;36,218;37,159;38,126;39,117;40,134;32,661;35,056;36,164;37,289;38,435;39,599;40,783;41,985
Suriname;no data;no data;no data;no data;no data;no data;no data;no data;no data;no data;0,408;0,414;0,419;0,426;0,431;0,437;0,442;0,449;0,454;0,461;0,467;0,474;0,479;0,484;0,493;0,499;0,504;0,51;0,517;0,524;0,531;0,54;0,542;0,55;0,559;0,567;0,576;0,583;0,591
Sweden;8,318;8,323;8,327;8,331;8,343;8,358;8,382;8,414;8,459;8,527;8,591;8,644;8,692;8,745;8,816;8,837;8,844;8,848;8,854;8,861;8,883;8,909;8,941;8,976;9,011;9,048;9,113;9,183;9,256;9,341;9,416;9,483;9,556;9,645;9,747;9,851;9,995;10,12;10,23
Switzerland;6,304;6,335;6,373;6,41;6,428;6,456;6,485;6,523;6,567;6,62;6,674;6,757;6,843;6,908;6,969;7,019;7,062;7,081;7,096;7,124;7,164;7,198;7,256;7,314;7,364;7,415;7,459;7,509;7,593;7,702;7,786;7,87;7,955;8,039;8,14;8,238;8,327;8,42;8,484
Syria;9,129;9,444;9,758;10,084;10,419;10,776;11,133;11,511;11,899;12,298;12,721;13,102;13,484;13,865;14,241;14,61;14,973;15,334;15,702;16,091;16,511;16,961;17,438;17,952;18,512;19,121;19,596;20,083;20,581;21,092;21,393;no data;no data;no data;no data;no data;no data;no data;no data
S?o Tom? and Pr?ncipe;0,089;0,09;0,092;0,095;0,097;0,099;0,102;0,105;0,108;0,111;0,114;0,118;0,121;0,123;0,125;0,127;0,13;0,132;0,135;0,137;0,139;0,142;0,144;0,147;0,151;0,155;0,159;0,163;0,168;0,173;0,178;0,183;0,188;0,193;0,198;0,203;0,208;0,213;0,217
Taiwan Province of China;17,866;18,194;18,516;18,791;19,069;19,314;19,509;19,725;19,954;20,157;20,401;20,606;20,803;20,995;21,178;21,357;21,525;21,743;21,929;22,092;22,277;22,406;22,521;22,605;22,689;22,77;22,877;22,958;23,037;23,12;23,162;23,225;23,316;23,374;23,434;23,492;23,54;23,571;23,589
Tajikistan;no data;no data;no data;no data;no data;no data;no data;no data;no data;no data;no data;5,506;5,536;5,573;5,607;5,668;5,735;5,822;5,939;6,115;6,216;6,327;6,448;6,577;6,713;6,854;7,001;7,152;7,31;7,473;7,642;7,816;7,995;8,178;8,363;8,549;8,735;8,921;9,107
Tanzania;18,034;18,601;19,187;19,791;20,402;21,036;21,68;22,336;23,016;23,737;24,507;25,336;26,216;27,116;27,997;28,829;29,603;30,33;31,014;31,751;32,544;33,406;34,328;35,302;36,314;37,354;38,421;39,522;40,64;41,824;43,06;44,348;45,688;47,076;48,511;49,989;51,51;53,074;54,68
Thailand;46,5;47,88;48,85;49,52;50,58;51,8;52,97;53,87;54,96;55,29;56,303;56,961;57,06;57,69;58,32;58,95;59,6;60,25;60,9;61,57;62,24;62,6;62,96;63,32;63,69;64,05;64,42;64,79;65,17;65,54;65,92;66,21;66,49;66,76;67;67,24;67,46;67,65;67,793
Timor-Leste;no data;no data;no data;no data;no data;no data;no data;no data;no data;no data;no data;no data;no data;no data;no data;no data;no data;no data;no data;0,823;0,897;0,909;0,922;0,936;0,952;0,97;0,989;1,01;1,034;1,046;1,057;1,078;1,102;1,129;1,158;1,185;1,212;1,24;1,269
Togo;2,721;2,812;2,915;3,026;3,14;3,253;3,364;3,474;3,582;3,686;3,787;3,882;3,973;4,065;4,164;4,274;4,398;4,535;4,679;4,826;4,97;5,112;5,251;5,391;5,535;5,683;5,838;5,997;6,162;6,33;6,503;6,679;6,859;7,043;7,229;7,417;7,606;7,798;7,994
Tonga;0,092;0,092;0,093;0,094;0,095;0,094;0,094;0,094;0,094;0,095;0,095;0,096;0,096;0,097;0,097;0,097;0,097;0,098;0,098;0,099;0,099;0,1;0,1;0,101;0,101;0,101;0,102;0,101;0,1;0,101;0,102;0,103;0,102;0,102;0,103;0,102;0,101;0,101;0,1
Trinidad and Tobago;1,085;1,103;1,121;1,139;1,156;1,171;1,184;1,195;1,205;1,214;1,222;1,23;1,237;1,244;1,25;1,255;1,258;1,261;1,263;1,265;1,268;1,272;1,278;1,284;1,291;1,297;1,303;1,309;1,315;1,322;1,328;1,335;1,342;1,348;1,354;1,36;1,365;1,369;1,375
Tunisia;6,451;6,633;6,795;6,956;7,037;7,269;7,552;7,713;7,845;7,986;8,233;8,418;8,603;8,785;8,957;9,114;9,256;9,384;9,499;9,604;9,699;9,786;9,864;9,94;10,018;10,102;10,196;10,298;10,407;10,522;10,64;10,761;10,887;11,015;11,144;11,274;11,403;11,532;11,659
Turkey;45,272;46,314;47,382;48,461;49,532;50,582;51,606;52,607;53,588;54,554;55,511;56,457;57,394;58,328;59,259;60,184;61,106;62,023;62,912;63,818;64,73;65,603;66,402;67,187;68,01;68,861;69,73;70,586;71,517;72,561;73,723;74,724;75,627;76,668;77,696;78,741;79,815;80,811;82,004
Turkmenistan;no data;no data;no data;no data;no data;no data;no data;no data;no data;no data;no data;no data;3,975;4,015;4,119;4,212;4,293;4,361;4,421;4,475;4,528;4,578;4,627;4,675;4,724;4,775;4,83;4,887;4,946;5,008;5,087;5,174;5,268;5,366;5,466;5,565;5,642;5,71;5,77
Tuvalu;no data;no data;no data;no data;no data;no data;no data;no data;no data;no data;no data;no data;no data;no data;no data;no data;no data;no data;no data;no data;no data;no data;0,009;0,009;0,01;0,01;0,01;0,01;0,01;0,01;0,01;0,011;0,011;0,011;0,011;0,011;0,011;0,011;0,011
Uganda;11,264;11,607;11,962;12,335;12,734;13,169;13,641;14,147;14,679;15,227;15,782;16,343;16,873;17,447;18,021;18,595;19,214;19,832;20,45;21,113;21,82;22,526;23,277;24,116;24,956;25,795;26,678;27,606;28,578;29,549;30,521;31,537;32,548;33,51;34,477;35,492;36,561;37,674;38,823
Ukraine;no data;no data;no data;no data;no data;no data;no data;no data;no data;no data;51,624;51,708;51,87;51,715;51,3;50,874;50,4;49,974;49,545;49,115;48,664;48,241;47,823;47,442;47,101;46,749;46,466;46,192;45,963;45,783;45,598;45,453;45,373;45,246;42,76;42,591;42,415;42,217;42,037
United Arab Emirates;1,01;1,1;1,17;1,21;1,31;1,38;1,44;1,5;1,79;1,86;1,844;1,928;2,011;2,083;2,23;2,411;2,443;2,58;2,834;3,033;2,995;3,167;3,349;3,551;3,761;4,106;5,012;6,219;8,074;8,2;8,264;8,512;8,768;9,031;9,302;9,581;9,856;10,139;10,43
United Kingdom;56,33;56,358;56,291;56,316;56,409;56,554;56,684;56,804;56,916;57,077;57,238;57,439;57,585;57,714;57,862;58,025;58,164;58,314;58,475;58,684;58,886;59,113;59,366;59,637;59,95;60,413;60,827;61,319;61,824;62,261;62,76;63,285;63,705;64,106;64,597;65,11;65,648;66,04;66,436
United States;227,622;229,916;232,128;234,247;236,307;238,416;240,593;242,751;244,968;247,286;250,047;253,392;256,777;260,146;263,325;266,458;269,581;272,822;276,022;279,195;282,296;285,216;288,019;290,733;293,389;296,115;298,93;301,903;304,718;307,374;309,737;311,941;314,163;316,329;318,619;320,93;323,225;325,326;327,352
Uruguay;2,939;2,959;2,978;2,997;3,016;3,035;3,053;3,07;3,088;3,105;3,122;3,14;3,159;3,178;3,208;3,228;3,248;3,286;3,312;3,336;3,349;3,351;3,347;3,338;3,341;3,352;3,358;3,359;3,363;3,378;3,397;3,413;3,426;3,44;3,454;3,467;3,48;3,493;3,506
Uzbekistan;no data;no data;no data;no data;no data;no data;no data;no data;no data;no data;no data;no data;21,36;21,853;22,282;22,69;23,13;23,867;24,231;24,583;24,488;24,813;25,116;25,428;25,707;26,021;26,313;26,664;27,072;27,533;28,001;29,123;29,555;29,994;30,493;31,023;31,575;32,121;32,57
Vanuatu;0,115;0,119;0,123;0,126;0,13;0,135;0,139;0,141;0,145;0,146;0,148;0,151;0,154;0,157;0,164;0,169;0,173;0,177;0,182;0,187;0,191;0,195;0,2;0,204;0,209;0,214;0,219;0,224;0,229;0,234;0,24;0,245;0,251;0,257;0,263;0,269;0,272;0,279;0,285
Venezuela;14,952;15,41;15,868;16,316;16,773;17,241;17,45;17,888;18,336;18,784;19,411;19,879;20,347;20,815;21,283;21,751;22,219;22,676;23,13;23,593;24,394;24,803;25,212;25,622;26,033;26,445;26,858;27,273;27,689;28,106;28,524;28,944;29,365;29,786;30,206;30,62;30,714;30,25;28,86
Vietnam;54,18;55,31;56,4;57,47;58,57;59,71;60,92;62,3;63,5;64,774;66,017;67,242;68,45;69,645;70,825;71,996;73,157;74,307;75,456;76,597;77,635;78,686;79,727;80,899;82,032;82,392;83,311;84,219;85,119;86,025;86,933;87,84;88,809;89,76;90,728;91,713;92,691;93,643;94,575
Yemen;no data;no data;no data;no data;no data;no data;no data;no data;no data;no data;12,086;12,66;13,289;13,948;14,6;15,219;15,796;16,339;16,863;17,39;17,937;18,506;19,094;19,702;20,329;20,975;21,622;22,29;22,978;23,687;24,398;25,13;25,884;26,66;27,46;28,284;29,132;29,977;30,816
Zambia;5,907;6,101;6,297;6,495;6,695;6,897;7,104;7,317;7,538;7,769;8,013;8,259;8,505;8,751;9,018;9,254;9,502;9,764;10,034;10,309;10,585;10,861;11,14;11,426;11,726;12,044;12,382;12,739;13,115;13,508;13,917;14,344;14,787;15,246;15,721;16,212;16,717;17,238;17,773
Zimbabwe;7,092;7,3;7,606;7,849;8,099;8,385;8,648;8,919;9,199;9,488;9,786;10,093;10,41;10,776;11,147;11,523;11,905;11,786;11,756;11,724;11,693;11,663;11,632;11,64;11,73;11,83;12,01;12,04;12,12;12,23;12,34;12,459;13,061;13,43;13,778;14,009;14,228;14,437;14,642
